{"blit_screen":{"blend":{"func":"add","srcrgb":"srcalpha","dstrgb":"1-srcalpha"},"vertex":"blit_screen","fragment":"blit_screen","attributes":["Position","UV","Color"],"samplers":[{"name":"DiffuseSampler"}],"uniforms":[{"name":"ModelViewMat","type":"matrix4x4","count":16,"values":[1.0,0.0,0.0,0.0,0.0,1.0,0.0,0.0,0.0,0.0,1.0,0.0,0.0,0.0,0.0,1.0]},{"name":"ProjMat","type":"matrix4x4","count":16,"values":[1.0,0.0,0.0,0.0,0.0,1.0,0.0,0.0,0.0,0.0,1.0,0.0,0.0,0.0,0.0,1.0]},{"name":"ColorModulator","type":"float","count":4,"values":[1.0,1.0,1.0,1.0]}]},"block":{"blend":{"func":"add","srcrgb":"srcalpha","dstrgb":"1-srcalpha"},"vertex":"block","fragment":"block","attributes":["Position","Color","UV0","UV2","Normal"],"samplers":[{"name":"Sampler0"}],"uniforms":[{"name":"ModelViewMat","type":"matrix4x4","count":16,"values":[1.0,0.0,0.0,0.0,0.0,1.0,0.0,0.0,0.0,0.0,1.0,0.0,0.0,0.0,0.0,1.0]},{"name":"ProjMat","type":"matrix4x4","count":16,"values":[1.0,0.0,0.0,0.0,0.0,1.0,0.0,0.0,0.0,0.0,1.0,0.0,0.0,0.0,0.0,1.0]},{"name":"ColorModulator","type":"float","count":4,"values":[1.0,1.0,1.0,1.0]}]},"new_entity":{"blend":{"func":"add","srcrgb":"srcalpha","dstrgb":"1-srcalpha"},"vertex":"new_entity","fragment":"new_entity","attributes":["Position","Color","UV0","UV1","UV2","Normal"],"samplers":[{"name":"Sampler0"}],"uniforms":[{"name":"ModelViewMat","type":"matrix4x4","count":16,"values":[1.0,0.0,0.0,0.0,0.0,1.0,0.0,0.0,0.0,0.0,1.0,0.0,0.0,0.0,0.0,1.0]},{"name":"ProjMat","type":"matrix4x4","count":16,"values":[1.0,0.0,0.0,0.0,0.0,1.0,0.0,0.0,0.0,0.0,1.0,0.0,0.0,0.0,0.0,1.0]},{"name":"ColorModulator","type":"float","count":4,"values":[1.0,1.0,1.0,1.0]}]},"particle":{"blend":{"func":"add","srcrgb":"srcalpha","dstrgb":"1-srcalpha"},"vertex":"particle","fragment":"particle","attributes":["Position","UV0","Color","UV2"],"samplers":[{"name":"Sampler0"},{"name":"Sampler2"}],"uniforms":[{"name":"ModelViewMat","type":"matrix4x4","count":16,"values":[1.0,0.0,0.0,0.0,0.0,1.0,0.0,0.0,0.0,0.0,1.0,0.0,0.0,0.0,0.0,1.0]},{"name":"ProjMat","type":"matrix4x4","count":16,"values":[1.0,0.0,0.0,0.0,0.0,1.0,0.0,0.0,0.0,0.0,1.0,0.0,0.0,0.0,0.0,1.0]},{"name":"ColorModulator","type":"float","count":4,"values":[1.0,1.0,1.0,1.0]},{"name":"FogStart","type":"float","count":1,"values":[0.0]},{"name":"FogEnd","type":"float","count":1,"values":[1.0]},{"name":"FogColor","type":"float","count":4,"values":[0.0,0.0,0.0,0.0]},{"name":"FogShape","type":"int","count":1,"values":[0]}]},"position":{"blend":{"func":"add","srcrgb":"srcalpha","dstrgb":"1-srcalpha"},"vertex":"position","fragment":"position","attributes":[],"samplers":[],"uniforms":[{"name":"ModelViewMat","type":"matrix4x4","count":16,"values":[1.0,0.0,0.0,0.0,0.0,1.0,0.0,0.0,0.0,0.0,1.0,0.0,0.0,0.0,0.0,1.0]},{"name":"ProjMat","type":"matrix4x4","count":16,"values":[1.0,0.0,0.0,0.0,0.0,1.0,0.0,0.0,0.0,0.0,1.0,0.0,0.0,0.0,0.0,1.0]},{"name":"ColorModulator","type":"float","count":4,"values":[1.0,1.0,1.0,1.0]},{"name":"FogStart","type":"float","count":1,"values":[0.0]},{"name":"FogEnd","type":"float","count":1,"values":[1.0]},{"name":"FogColor","type":"float","count":4,"values":[0.0,0.0,0.0,0.0]},{"name":"FogShape","type":"int","count":1,"values":[0]}]},"position_color":{"blend":{"func":"add","srcrgb":"srcalpha","dstrgb":"1-srcalpha"},"vertex":"position_color","fragment":"position_color","attributes":["Color"],"samplers":[],"uniforms":[{"name":"ModelViewMat","type":"matrix4x4","count":16,"values":[1.0,0.0,0.0,0.0,0.0,1.0,0.0,0.0,0.0,0.0,1.0,0.0,0.0,0.0,0.0,1.0]},{"name":"ProjMat","type":"matrix4x4","count":16,"values":[1.0,0.0,0.0,0.0,0.0,1.0,0.0,0.0,0.0,0.0,1.0,0.0,0.0,0.0,0.0,1.0]},{"name":"ColorModulator","type":"float","count":4,"values":[1.0,1.0,1.0,1.0]}]},"position_color_lightmap":{"blend":{"func":"add","srcrgb":"srcalpha","dstrgb":"1-srcalpha"},"vertex":"position_color_lightmap","fragment":"position_color_lightmap","attributes":["Position","Color","UV2"],"samplers":[{"name":"Sampler2"}],"uniforms":[{"name":"ModelViewMat","type":"matrix4x4","count":16,"values":[1.0,0.0,0.0,0.0,0.0,1.0,0.0,0.0,0.0,0.0,1.0,0.0,0.0,0.0,0.0,1.0]},{"name":"ProjMat","type":"matrix4x4","count":16,"values":[1.0,0.0,0.0,0.0,0.0,1.0,0.0,0.0,0.0,0.0,1.0,0.0,0.0,0.0,0.0,1.0]},{"name":"ColorModulator","type":"float","count":4,"values":[1.0,1.0,1.0,1.0]}]},"position_color_normal":{"blend":{"func":"add","srcrgb":"srcalpha","dstrgb":"1-srcalpha"},"vertex":"position_color_normal","fragment":"position_color_normal","attributes":["Position","Color","Normal"],"samplers":[],"uniforms":[{"name":"ModelViewMat","type":"matrix4x4","count":16,"values":[1.0,0.0,0.0,0.0,0.0,1.0,0.0,0.0,0.0,0.0,1.0,0.0,0.0,0.0,0.0,1.0]},{"name":"ModelViewProjMat","type":"matrix4x4","count":16,"values":[1.0,0.0,0.0,0.0,0.0,1.0,0.0,0.0,0.0,0.0,1.0,0.0,0.0,0.0,0.0,1.0]},{"name":"ColorModulator","type":"float","count":4,"values":[1.0,1.0,1.0,1.0]},{"name":"FogStart","type":"float","count":1,"values":[0.0]},{"name":"FogEnd","type":"float","count":1,"values":[1.0]},{"name":"FogColor","type":"float","count":4,"values":[0.0,0.0,0.0,0.0]},{"name":"FogShape","type":"int","count":1,"values":[0]}]},"position_color_tex":{"blend":{"func":"add","srcrgb":"srcalpha","dstrgb":"1-srcalpha"},"vertex":"position_color_tex","fragment":"position_color_tex","attributes":["Position","Color","UV0"],"samplers":[{"name":"Sampler0"}],"uniforms":[{"name":"ModelViewMat","type":"matrix4x4","count":16,"values":[1.0,0.0,0.0,0.0,0.0,1.0,0.0,0.0,0.0,0.0,1.0,0.0,0.0,0.0,0.0,1.0]},{"name":"ProjMat","type":"matrix4x4","count":16,"values":[1.0,0.0,0.0,0.0,0.0,1.0,0.0,0.0,0.0,0.0,1.0,0.0,0.0,0.0,0.0,1.0]},{"name":"ColorModulator","type":"float","count":4,"values":[1.0,1.0,1.0,1.0]}]},"position_color_tex_lightmap":{"blend":{"func":"add","srcrgb":"srcalpha","dstrgb":"1-srcalpha"},"vertex":"position_color_tex_lightmap","fragment":"position_color_tex_lightmap","attributes":["Position","Color","UV0","UV2"],"samplers":[{"name":"Sampler0"}],"uniforms":[{"name":"ModelViewMat","type":"matrix4x4","count":16,"values":[1.0,0.0,0.0,0.0,0.0,1.0,0.0,0.0,0.0,0.0,1.0,0.0,0.0,0.0,0.0,1.0]},{"name":"ProjMat","type":"matrix4x4","count":16,"values":[1.0,0.0,0.0,0.0,0.0,1.0,0.0,0.0,0.0,0.0,1.0,0.0,0.0,0.0,0.0,1.0]},{"name":"ColorModulator","type":"float","count":4,"values":[1.0,1.0,1.0,1.0]}]},"position_tex":{"blend":{"func":"add","srcrgb":"srcalpha","dstrgb":"1-srcalpha"},"vertex":"position_tex","fragment":"position_tex","attributes":["Position","UV0"],"samplers":[{"name":"Sampler0"}],"uniforms":[{"name":"ModelViewMat","type":"matrix4x4","count":16,"values":[1.0,0.0,0.0,0.0,0.0,1.0,0.0,0.0,0.0,0.0,1.0,0.0,0.0,0.0,0.0,1.0]},{"name":"ProjMat","type":"matrix4x4","count":16,"values":[1.0,0.0,0.0,0.0,0.0,1.0,0.0,0.0,0.0,0.0,1.0,0.0,0.0,0.0,0.0,1.0]},{"name":"ColorModulator","type":"float","count":4,"values":[1.0,1.0,1.0,1.0]}]},"position_tex_color":{"blend":{"func":"add","srcrgb":"srcalpha","dstrgb":"1-srcalpha"},"vertex":"position_tex_color","fragment":"position_tex_color","attributes":["Position","UV0","Color"],"samplers":[{"name":"Sampler0"}],"uniforms":[{"name":"ModelViewMat","type":"matrix4x4","count":16,"values":[1.0,0.0,0.0,0.0,0.0,1.0,0.0,0.0,0.0,0.0,1.0,0.0,0.0,0.0,0.0,1.0]},{"name":"ProjMat","type":"matrix4x4","count":16,"values":[1.0,0.0,0.0,0.0,0.0,1.0,0.0,0.0,0.0,0.0,1.0,0.0,0.0,0.0,0.0,1.0]},{"name":"ColorModulator","type":"float","count":4,"values":[1.0,1.0,1.0,1.0]}]},"position_tex_color_normal":{"blend":{"func":"add","srcrgb":"srcalpha","dstrgb":"1-srcalpha"},"vertex":"position_tex_color_normal","fragment":"position_tex_color_normal","attributes":["Position","UV0","Color","Normal"],"samplers":[{"name":"Sampler0"}],"uniforms":[{"name":"ModelViewMat","type":"matrix4x4","count":16,"values":[1.0,0.0,0.0,0.0,0.0,1.0,0.0,0.0,0.0,0.0,1.0,0.0,0.0,0.0,0.0,1.0]},{"name":"ProjMat","type":"matrix4x4","count":16,"values":[1.0,0.0,0.0,0.0,0.0,1.0,0.0,0.0,0.0,0.0,1.0,0.0,0.0,0.0,0.0,1.0]},{"name":"ColorModulator","type":"float","count":4,"values":[1.0,1.0,1.0,1.0]},{"name":"FogStart","type":"float","count":1,"values":[0.0]},{"name":"FogEnd","type":"float","count":1,"values":[1.0]},{"name":"FogColor","type":"float","count":4,"values":[0.0,0.0,0.0,0.0]},{"name":"FogShape","type":"int","count":1,"values":[0]}]},"position_tex_lightmap_color":{"blend":{"func":"add","srcrgb":"srcalpha","dstrgb":"1-srcalpha"},"vertex":"position_tex_lightmap_color","fragment":"position_tex_lightmap_color","attributes":["Position","UV0","UV2","Color"],"samplers":[{"name":"Sampler0"}],"uniforms":[{"name":"ModelViewMat","type":"matrix4x4","count":16,"values":[1.0,0.0,0.0,0.0,0.0,1.0,0.0,0.0,0.0,0.0,1.0,0.0,0.0,0.0,0.0,1.0]},{"name":"ProjMat","type":"matrix4x4","count":16,"values":[1.0,0.0,0.0,0.0,0.0,1.0,0.0,0.0,0.0,0.0,1.0,0.0,0.0,0.0,0.0,1.0]},{"name":"ColorModulator","type":"float","count":4,"values":[1.0,1.0,1.0,1.0]}]},"rendertype_armor_cutout_no_cull":{"blend":{"func":"add","srcrgb":"srcalpha","dstrgb":"1-srcalpha"},"vertex":"rendertype_armor_cutout_no_cull","fragment":"rendertype_armor_cutout_no_cull","attributes":["Position","Color","UV0","UV1","UV2","Normal"],"samplers":[{"name":"Sampler0"},{"name":"Sampler2"}],"uniforms":[{"name":"ModelViewMat","type":"matrix4x4","count":16,"values":[1.0,0.0,0.0,0.0,0.0,1.0,0.0,0.0,0.0,0.0,1.0,0.0,0.0,0.0,0.0,1.0]},{"name":"ProjMat","type":"matrix4x4","count":16,"values":[1.0,0.0,0.0,0.0,0.0,1.0,0.0,0.0,0.0,0.0,1.0,0.0,0.0,0.0,0.0,1.0]},{"name":"ColorModulator","type":"float","count":4,"values":[1.0,1.0,1.0,1.0]},{"name":"Light0_Direction","type":"float","count":3,"values":[0.0,0.0,0.0]},{"name":"Light1_Direction","type":"float","count":3,"values":[0.0,0.0,0.0]},{"name":"FogStart","type":"float","count":1,"values":[0.0]},{"name":"FogEnd","type":"float","count":1,"values":[1.0]},{"name":"FogColor","type":"float","count":4,"values":[0.0,0.0,0.0,0.0]},{"name":"FogShape","type":"int","count":1,"values":[0]}]},"rendertype_armor_entity_glint":{"blend":{"func":"add","srcrgb":"srcalpha","dstrgb":"1-srcalpha"},"vertex":"rendertype_armor_entity_glint","fragment":"rendertype_armor_entity_glint","attributes":["Position","UV0"],"samplers":[{"name":"Sampler0"}],"uniforms":[{"name":"ModelViewMat","type":"matrix4x4","count":16,"values":[1.0,0.0,0.0,0.0,0.0,1.0,0.0,0.0,0.0,0.0,1.0,0.0,0.0,0.0,0.0,1.0]},{"name":"ProjMat","type":"matrix4x4","count":16,"values":[1.0,0.0,0.0,0.0,0.0,1.0,0.0,0.0,0.0,0.0,1.0,0.0,0.0,0.0,0.0,1.0]},{"name":"ColorModulator","type":"float","count":4,"values":[1.0,1.0,1.0,1.0]},{"name":"GlintAlpha","type":"float","count":1,"values":[1.0]},{"name":"FogStart","type":"float","count":1,"values":[0.0]},{"name":"FogEnd","type":"float","count":1,"values":[1.0]},{"name":"FogShape","type":"int","count":1,"values":[0]},{"name":"TextureMat","type":"matrix4x4","count":16,"values":[1.0,0.0,0.0,0.0,0.0,1.0,0.0,0.0,0.0,0.0,1.0,0.0,0.0,0.0,0.0,1.0]}]},"rendertype_armor_glint":{"blend":{"func":"add","srcrgb":"srcalpha","dstrgb":"1-srcalpha"},"vertex":"rendertype_armor_glint","fragment":"rendertype_armor_glint","attributes":["Position","UV0"],"samplers":[{"name":"Sampler0"}],"uniforms":[{"name":"ModelViewMat","type":"matrix4x4","count":16,"values":[1.0,0.0,0.0,0.0,0.0,1.0,0.0,0.0,0.0,0.0,1.0,0.0,0.0,0.0,0.0,1.0]},{"name":"ProjMat","type":"matrix4x4","count":16,"values":[1.0,0.0,0.0,0.0,0.0,1.0,0.0,0.0,0.0,0.0,1.0,0.0,0.0,0.0,0.0,1.0]},{"name":"ColorModulator","type":"float","count":4,"values":[1.0,1.0,1.0,1.0]},{"name":"GlintAlpha","type":"float","count":1,"values":[1.0]},{"name":"FogStart","type":"float","count":1,"values":[0.0]},{"name":"FogEnd","type":"float","count":1,"values":[1.0]},{"name":"FogShape","type":"int","count":1,"values":[0]},{"name":"TextureMat","type":"matrix4x4","count":16,"values":[1.0,0.0,0.0,0.0,0.0,1.0,0.0,0.0,0.0,0.0,1.0,0.0,0.0,0.0,0.0,1.0]}]},"rendertype_beacon_beam":{"blend":{"func":"add","srcrgb":"srcalpha","dstrgb":"1-srcalpha"},"vertex":"rendertype_beacon_beam","fragment":"rendertype_beacon_beam","attributes":["Position","Color","UV0"],"samplers":[{"name":"Sampler0"}],"uniforms":[{"name":"ModelViewMat","type":"matrix4x4","count":16,"values":[1.0,0.0,0.0,0.0,0.0,1.0,0.0,0.0,0.0,0.0,1.0,0.0,0.0,0.0,0.0,1.0]},{"name":"ProjMat","type":"matrix4x4","count":16,"values":[1.0,0.0,0.0,0.0,0.0,1.0,0.0,0.0,0.0,0.0,1.0,0.0,0.0,0.0,0.0,1.0]},{"name":"ColorModulator","type":"float","count":4,"values":[1.0,1.0,1.0,1.0]},{"name":"FogStart","type":"float","count":1,"values":[0.0]},{"name":"FogEnd","type":"float","count":1,"values":[1.0]},{"name":"FogColor","type":"float","count":4,"values":[0.0,0.0,0.0,0.0]}]},"rendertype_crumbling":{"blend":{"func":"add","srcrgb":"srcalpha","dstrgb":"1-srcalpha"},"vertex":"rendertype_crumbling","fragment":"rendertype_crumbling","attributes":["Position","Color","UV0","UV2","Normal"],"samplers":[{"name":"Sampler0"}],"uniforms":[{"name":"ModelViewMat","type":"matrix4x4","count":16,"values":[1.0,0.0,0.0,0.0,0.0,1.0,0.0,0.0,0.0,0.0,1.0,0.0,0.0,0.0,0.0,1.0]},{"name":"ProjMat","type":"matrix4x4","count":16,"values":[1.0,0.0,0.0,0.0,0.0,1.0,0.0,0.0,0.0,0.0,1.0,0.0,0.0,0.0,0.0,1.0]},{"name":"ColorModulator","type":"float","count":4,"values":[1.0,1.0,1.0,1.0]}]},"rendertype_cutout":{"blend":{"func":"add","srcrgb":"srcalpha","dstrgb":"1-srcalpha"},"vertex":"rendertype_cutout","fragment":"rendertype_cutout","attributes":["Position","Color","UV0","UV2","Normal"],"samplers":[{"name":"Sampler0"},{"name":"Sampler2"}],"uniforms":[{"name":"ModelViewMat","type":"matrix4x4","count":16,"values":[1.0,0.0,0.0,0.0,0.0,1.0,0.0,0.0,0.0,0.0,1.0,0.0,0.0,0.0,0.0,1.0]},{"name":"ProjMat","type":"matrix4x4","count":16,"values":[1.0,0.0,0.0,0.0,0.0,1.0,0.0,0.0,0.0,0.0,1.0,0.0,0.0,0.0,0.0,1.0]},{"name":"ChunkOffset","type":"float","count":3,"values":[0.0,0.0,0.0]},{"name":"ColorModulator","type":"float","count":4,"values":[1.0,1.0,1.0,1.0]},{"name":"FogStart","type":"float","count":1,"values":[0.0]},{"name":"FogEnd","type":"float","count":1,"values":[1.0]},{"name":"FogColor","type":"float","count":4,"values":[0.0,0.0,0.0,0.0]},{"name":"FogShape","type":"int","count":1,"values":[0]}]},"rendertype_cutout_mipped":{"blend":{"func":"add","srcrgb":"srcalpha","dstrgb":"1-srcalpha"},"vertex":"rendertype_cutout_mipped","fragment":"rendertype_cutout_mipped","attributes":["Position","Color","UV0","UV2","Normal"],"samplers":[{"name":"Sampler0"},{"name":"Sampler2"}],"uniforms":[{"name":"ModelViewMat","type":"matrix4x4","count":16,"values":[1.0,0.0,0.0,0.0,0.0,1.0,0.0,0.0,0.0,0.0,1.0,0.0,0.0,0.0,0.0,1.0]},{"name":"ProjMat","type":"matrix4x4","count":16,"values":[1.0,0.0,0.0,0.0,0.0,1.0,0.0,0.0,0.0,0.0,1.0,0.0,0.0,0.0,0.0,1.0]},{"name":"ChunkOffset","type":"float","count":3,"values":[0.0,0.0,0.0]},{"name":"ColorModulator","type":"float","count":4,"values":[1.0,1.0,1.0,1.0]},{"name":"FogStart","type":"float","count":1,"values":[0.0]},{"name":"FogEnd","type":"float","count":1,"values":[1.0]},{"name":"FogColor","type":"float","count":4,"values":[0.0,0.0,0.0,0.0]},{"name":"FogShape","type":"int","count":1,"values":[0]}]},"rendertype_end_gateway":{"blend":{"func":"add","srcrgb":"srcalpha","dstrgb":"1-srcalpha"},"vertex":"rendertype_end_portal","fragment":"rendertype_end_portal","attributes":[],"samplers":[{"name":"Sampler0"},{"name":"Sampler1"}],"uniforms":[{"name":"ModelViewMat","type":"matrix4x4","count":16,"values":[1.0,0.0,0.0,0.0,0.0,1.0,0.0,0.0,0.0,0.0,1.0,0.0,0.0,0.0,0.0,1.0]},{"name":"ProjMat","type":"matrix4x4","count":16,"values":[1.0,0.0,0.0,0.0,0.0,1.0,0.0,0.0,0.0,0.0,1.0,0.0,0.0,0.0,0.0,1.0]},{"name":"GameTime","type":"float","count":1,"values":[0.0]},{"name":"EndPortalLayers","type":"int","count":1,"values":[16]}]},"rendertype_end_portal":{"blend":{"func":"add","srcrgb":"srcalpha","dstrgb":"1-srcalpha"},"vertex":"rendertype_end_portal","fragment":"rendertype_end_portal","attributes":[],"samplers":[{"name":"Sampler0"},{"name":"Sampler1"}],"uniforms":[{"name":"ModelViewMat","type":"matrix4x4","count":16,"values":[1.0,0.0,0.0,0.0,0.0,1.0,0.0,0.0,0.0,0.0,1.0,0.0,0.0,0.0,0.0,1.0]},{"name":"ProjMat","type":"matrix4x4","count":16,"values":[1.0,0.0,0.0,0.0,0.0,1.0,0.0,0.0,0.0,0.0,1.0,0.0,0.0,0.0,0.0,1.0]},{"name":"GameTime","type":"float","count":1,"values":[0.0]},{"name":"EndPortalLayers","type":"int","count":1,"values":[15]}]},"rendertype_energy_swirl":{"blend":{"func":"add","srcrgb":"srcalpha","dstrgb":"1-srcalpha"},"vertex":"rendertype_energy_swirl","fragment":"rendertype_energy_swirl","attributes":["Position","Color","UV0"],"samplers":[{"name":"Sampler0"}],"uniforms":[{"name":"ModelViewMat","type":"matrix4x4","count":16,"values":[1.0,0.0,0.0,0.0,0.0,1.0,0.0,0.0,0.0,0.0,1.0,0.0,0.0,0.0,0.0,1.0]},{"name":"ProjMat","type":"matrix4x4","count":16,"values":[1.0,0.0,0.0,0.0,0.0,1.0,0.0,0.0,0.0,0.0,1.0,0.0,0.0,0.0,0.0,1.0]},{"name":"TextureMat","type":"matrix4x4","count":16,"values":[1.0,0.0,0.0,0.0,0.0,1.0,0.0,0.0,0.0,0.0,1.0,0.0,0.0,0.0,0.0,1.0]},{"name":"ColorModulator","type":"float","count":4,"values":[1.0,1.0,1.0,1.0]},{"name":"FogStart","type":"float","count":1,"values":[0.0]},{"name":"FogEnd","type":"float","count":1,"values":[1.0]},{"name":"FogShape","type":"int","count":1,"values":[0]}]},"rendertype_entity_alpha":{"blend":{"func":"add","srcrgb":"srcalpha","dstrgb":"1-srcalpha"},"vertex":"rendertype_entity_alpha","fragment":"rendertype_entity_alpha","attributes":["Position","Color","UV0","UV1","UV2","Normal"],"samplers":[{"name":"Sampler0"}],"uniforms":[{"name":"ModelViewMat","type":"matrix4x4","count":16,"values":[1.0,0.0,0.0,0.0,0.0,1.0,0.0,0.0,0.0,0.0,1.0,0.0,0.0,0.0,0.0,1.0]},{"name":"ProjMat","type":"matrix4x4","count":16,"values":[1.0,0.0,0.0,0.0,0.0,1.0,0.0,0.0,0.0,0.0,1.0,0.0,0.0,0.0,0.0,1.0]}]},"rendertype_entity_cutout":{"blend":{"func":"add","srcrgb":"srcalpha","dstrgb":"1-srcalpha"},"vertex":"rendertype_entity_cutout","fragment":"rendertype_entity_cutout","attributes":["Position","Color","UV0","UV1","UV2","Normal"],"samplers":[{"name":"Sampler0"},{"name":"Sampler1"},{"name":"Sampler2"}],"uniforms":[{"name":"ModelViewMat","type":"matrix4x4","count":16,"values":[1.0,0.0,0.0,0.0,0.0,1.0,0.0,0.0,0.0,0.0,1.0,0.0,0.0,0.0,0.0,1.0]},{"name":"ProjMat","type":"matrix4x4","count":16,"values":[1.0,0.0,0.0,0.0,0.0,1.0,0.0,0.0,0.0,0.0,1.0,0.0,0.0,0.0,0.0,1.0]},{"name":"IViewRotMat","type":"matrix3x3","count":9,"values":[1.0,0.0,0.0,0.0,1.0,0.0,0.0,0.0,1.0]},{"name":"ColorModulator","type":"float","count":4,"values":[1.0,1.0,1.0,1.0]},{"name":"Light0_Direction","type":"float","count":3,"values":[0.0,0.0,0.0]},{"name":"Light1_Direction","type":"float","count":3,"values":[0.0,0.0,0.0]},{"name":"FogStart","type":"float","count":1,"values":[0.0]},{"name":"FogEnd","type":"float","count":1,"values":[1.0]},{"name":"FogColor","type":"float","count":4,"values":[0.0,0.0,0.0,0.0]},{"name":"FogShape","type":"int","count":1,"values":[0]}]},"rendertype_entity_cutout_no_cull":{"blend":{"func":"add","srcrgb":"srcalpha","dstrgb":"1-srcalpha"},"vertex":"rendertype_entity_cutout_no_cull","fragment":"rendertype_entity_cutout_no_cull","attributes":["Position","Color","UV0","UV1","UV2","Normal"],"samplers":[{"name":"Sampler0"},{"name":"Sampler1"},{"name":"Sampler2"}],"uniforms":[{"name":"ModelViewMat","type":"matrix4x4","count":16,"values":[1.0,0.0,0.0,0.0,0.0,1.0,0.0,0.0,0.0,0.0,1.0,0.0,0.0,0.0,0.0,1.0]},{"name":"ProjMat","type":"matrix4x4","count":16,"values":[1.0,0.0,0.0,0.0,0.0,1.0,0.0,0.0,0.0,0.0,1.0,0.0,0.0,0.0,0.0,1.0]},{"name":"IViewRotMat","type":"matrix3x3","count":9,"values":[1.0,0.0,0.0,0.0,1.0,0.0,0.0,0.0,1.0]},{"name":"ColorModulator","type":"float","count":4,"values":[1.0,1.0,1.0,1.0]},{"name":"Light0_Direction","type":"float","count":3,"values":[0.0,0.0,0.0]},{"name":"Light1_Direction","type":"float","count":3,"values":[0.0,0.0,0.0]},{"name":"FogStart","type":"float","count":1,"values":[0.0]},{"name":"FogEnd","type":"float","count":1,"values":[1.0]},{"name":"FogColor","type":"float","count":4,"values":[0.0,0.0,0.0,0.0]},{"name":"FogShape","type":"int","count":1,"values":[0]}]},"rendertype_entity_cutout_no_cull_z_offset":{"blend":{"func":"add","srcrgb":"srcalpha","dstrgb":"1-srcalpha"},"vertex":"rendertype_entity_cutout_no_cull_z_offset","fragment":"rendertype_entity_cutout_no_cull_z_offset","attributes":["Position","Color","UV0","UV1","UV2","Normal"],"samplers":[{"name":"Sampler0"},{"name":"Sampler1"},{"name":"Sampler2"}],"uniforms":[{"name":"ModelViewMat","type":"matrix4x4","count":16,"values":[1.0,0.0,0.0,0.0,0.0,1.0,0.0,0.0,0.0,0.0,1.0,0.0,0.0,0.0,0.0,1.0]},{"name":"ProjMat","type":"matrix4x4","count":16,"values":[1.0,0.0,0.0,0.0,0.0,1.0,0.0,0.0,0.0,0.0,1.0,0.0,0.0,0.0,0.0,1.0]},{"name":"IViewRotMat","type":"matrix3x3","count":9,"values":[1.0,0.0,0.0,0.0,1.0,0.0,0.0,0.0,1.0]},{"name":"ColorModulator","type":"float","count":4,"values":[1.0,1.0,1.0,1.0]},{"name":"Light0_Direction","type":"float","count":3,"values":[0.0,0.0,0.0]},{"name":"Light1_Direction","type":"float","count":3,"values":[0.0,0.0,0.0]},{"name":"FogStart","type":"float","count":1,"values":[0.0]},{"name":"FogEnd","type":"float","count":1,"values":[1.0]},{"name":"FogColor","type":"float","count":4,"values":[0.0,0.0,0.0,0.0]},{"name":"FogShape","type":"int","count":1,"values":[0]}]},"rendertype_entity_decal":{"blend":{"func":"add","srcrgb":"srcalpha","dstrgb":"1-srcalpha"},"vertex":"rendertype_entity_decal","fragment":"rendertype_entity_decal","attributes":["Position","Color","UV0","UV1","UV2","Normal"],"samplers":[{"name":"Sampler0"},{"name":"Sampler1"},{"name":"Sampler2"}],"uniforms":[{"name":"ModelViewMat","type":"matrix4x4","count":16,"values":[1.0,0.0,0.0,0.0,0.0,1.0,0.0,0.0,0.0,0.0,1.0,0.0,0.0,0.0,0.0,1.0]},{"name":"ProjMat","type":"matrix4x4","count":16,"values":[1.0,0.0,0.0,0.0,0.0,1.0,0.0,0.0,0.0,0.0,1.0,0.0,0.0,0.0,0.0,1.0]},{"name":"IViewRotMat","type":"matrix3x3","count":9,"values":[1.0,0.0,0.0,0.0,1.0,0.0,0.0,0.0,1.0]},{"name":"ColorModulator","type":"float","count":4,"values":[1.0,1.0,1.0,1.0]},{"name":"Light0_Direction","type":"float","count":3,"values":[0.0,0.0,0.0]},{"name":"Light1_Direction","type":"float","count":3,"values":[0.0,0.0,0.0]},{"name":"FogStart","type":"float","count":1,"values":[0.0]},{"name":"FogEnd","type":"float","count":1,"values":[1.0]},{"name":"FogColor","type":"float","count":4,"values":[0.0,0.0,0.0,0.0]},{"name":"FogShape","type":"int","count":1,"values":[0]}]},"rendertype_entity_glint":{"blend":{"func":"add","srcrgb":"srcalpha","dstrgb":"1-srcalpha"},"vertex":"rendertype_entity_glint","fragment":"rendertype_entity_glint","attributes":["Position","UV0"],"samplers":[{"name":"Sampler0"}],"uniforms":[{"name":"ModelViewMat","type":"matrix4x4","count":16,"values":[1.0,0.0,0.0,0.0,0.0,1.0,0.0,0.0,0.0,0.0,1.0,0.0,0.0,0.0,0.0,1.0]},{"name":"ProjMat","type":"matrix4x4","count":16,"values":[1.0,0.0,0.0,0.0,0.0,1.0,0.0,0.0,0.0,0.0,1.0,0.0,0.0,0.0,0.0,1.0]},{"name":"IViewRotMat","type":"matrix3x3","count":9,"values":[1.0,0.0,0.0,0.0,1.0,0.0,0.0,0.0,1.0]},{"name":"ColorModulator","type":"float","count":4,"values":[1.0,1.0,1.0,1.0]},{"name":"GlintAlpha","type":"float","count":1,"values":[1.0]},{"name":"FogStart","type":"float","count":1,"values":[0.0]},{"name":"FogEnd","type":"float","count":1,"values":[1.0]},{"name":"FogShape","type":"int","count":1,"values":[0]},{"name":"TextureMat","type":"matrix4x4","count":16,"values":[1.0,0.0,0.0,0.0,0.0,1.0,0.0,0.0,0.0,0.0,1.0,0.0,0.0,0.0,0.0,1.0]}]},"rendertype_entity_glint_direct":{"blend":{"func":"add","srcrgb":"srcalpha","dstrgb":"1-srcalpha"},"vertex":"rendertype_entity_glint_direct","fragment":"rendertype_entity_glint_direct","attributes":["Position","UV0"],"samplers":[{"name":"Sampler0"}],"uniforms":[{"name":"ModelViewMat","type":"matrix4x4","count":16,"values":[1.0,0.0,0.0,0.0,0.0,1.0,0.0,0.0,0.0,0.0,1.0,0.0,0.0,0.0,0.0,1.0]},{"name":"ProjMat","type":"matrix4x4","count":16,"values":[1.0,0.0,0.0,0.0,0.0,1.0,0.0,0.0,0.0,0.0,1.0,0.0,0.0,0.0,0.0,1.0]},{"name":"IViewRotMat","type":"matrix3x3","count":9,"values":[1.0,0.0,0.0,0.0,1.0,0.0,0.0,0.0,1.0]},{"name":"ColorModulator","type":"float","count":4,"values":[1.0,1.0,1.0,1.0]},{"name":"GlintAlpha","type":"float","count":1,"values":[1.0]},{"name":"FogStart","type":"float","count":1,"values":[0.0]},{"name":"FogEnd","type":"float","count":1,"values":[1.0]},{"name":"FogShape","type":"int","count":1,"values":[0]},{"name":"TextureMat","type":"matrix4x4","count":16,"values":[1.0,0.0,0.0,0.0,0.0,1.0,0.0,0.0,0.0,0.0,1.0,0.0,0.0,0.0,0.0,1.0]}]},"rendertype_entity_no_outline":{"blend":{"func":"add","srcrgb":"srcalpha","dstrgb":"1-srcalpha"},"vertex":"rendertype_entity_no_outline","fragment":"rendertype_entity_no_outline","attributes":["Position","Color","UV0","UV2","Normal"],"samplers":[{"name":"Sampler0"},{"name":"Sampler2"}],"uniforms":[{"name":"ModelViewMat","type":"matrix4x4","count":16,"values":[1.0,0.0,0.0,0.0,0.0,1.0,0.0,0.0,0.0,0.0,1.0,0.0,0.0,0.0,0.0,1.0]},{"name":"ProjMat","type":"matrix4x4","count":16,"values":[1.0,0.0,0.0,0.0,0.0,1.0,0.0,0.0,0.0,0.0,1.0,0.0,0.0,0.0,0.0,1.0]},{"name":"IViewRotMat","type":"matrix3x3","count":9,"values":[1.0,0.0,0.0,0.0,1.0,0.0,0.0,0.0,1.0]},{"name":"ColorModulator","type":"float","count":4,"values":[1.0,1.0,1.0,1.0]},{"name":"Light0_Direction","type":"float","count":3,"values":[0.0,0.0,0.0]},{"name":"Light1_Direction","type":"float","count":3,"values":[0.0,0.0,0.0]},{"name":"FogStart","type":"float","count":1,"values":[0.0]},{"name":"FogEnd","type":"float","count":1,"values":[1.0]},{"name":"FogColor","type":"float","count":4,"values":[0.0,0.0,0.0,0.0]},{"name":"FogShape","type":"int","count":1,"values":[0]}]},"rendertype_entity_shadow":{"blend":{"func":"add","srcrgb":"srcalpha","dstrgb":"1-srcalpha"},"vertex":"rendertype_entity_shadow","fragment":"rendertype_entity_shadow","attributes":["Position","Color","UV0"],"samplers":[{"name":"Sampler0"}],"uniforms":[{"name":"ModelViewMat","type":"matrix4x4","count":16,"values":[1.0,0.0,0.0,0.0,0.0,1.0,0.0,0.0,0.0,0.0,1.0,0.0,0.0,0.0,0.0,1.0]},{"name":"ProjMat","type":"matrix4x4","count":16,"values":[1.0,0.0,0.0,0.0,0.0,1.0,0.0,0.0,0.0,0.0,1.0,0.0,0.0,0.0,0.0,1.0]},{"name":"IViewRotMat","type":"matrix3x3","count":9,"values":[1.0,0.0,0.0,0.0,1.0,0.0,0.0,0.0,1.0]},{"name":"ColorModulator","type":"float","count":4,"values":[1.0,1.0,1.0,1.0]},{"name":"FogStart","type":"float","count":1,"values":[0.0]},{"name":"FogEnd","type":"float","count":1,"values":[1.0]},{"name":"FogColor","type":"float","count":4,"values":[0.0,0.0,0.0,0.0]},{"name":"FogShape","type":"int","count":1,"values":[0]}]},"rendertype_entity_smooth_cutout":{"blend":{"func":"add","srcrgb":"srcalpha","dstrgb":"1-srcalpha"},"vertex":"rendertype_entity_smooth_cutout","fragment":"rendertype_entity_smooth_cutout","attributes":["Position","Color","UV0","UV1","UV2","Normal"],"samplers":[{"name":"Sampler0"},{"name":"Sampler1"},{"name":"Sampler2"}],"uniforms":[{"name":"ModelViewMat","type":"matrix4x4","count":16,"values":[1.0,0.0,0.0,0.0,0.0,1.0,0.0,0.0,0.0,0.0,1.0,0.0,0.0,0.0,0.0,1.0]},{"name":"ProjMat","type":"matrix4x4","count":16,"values":[1.0,0.0,0.0,0.0,0.0,1.0,0.0,0.0,0.0,0.0,1.0,0.0,0.0,0.0,0.0,1.0]},{"name":"IViewRotMat","type":"matrix3x3","count":9,"values":[1.0,0.0,0.0,0.0,1.0,0.0,0.0,0.0,1.0]},{"name":"ColorModulator","type":"float","count":4,"values":[1.0,1.0,1.0,1.0]},{"name":"Light0_Direction","type":"float","count":3,"values":[0.0,0.0,0.0]},{"name":"Light1_Direction","type":"float","count":3,"values":[0.0,0.0,0.0]},{"name":"FogStart","type":"float","count":1,"values":[0.0]},{"name":"FogEnd","type":"float","count":1,"values":[1.0]},{"name":"FogColor","type":"float","count":4,"values":[0.0,0.0,0.0,0.0]},{"name":"FogShape","type":"int","count":1,"values":[0]}]},"rendertype_entity_solid":{"blend":{"func":"add","srcrgb":"srcalpha","dstrgb":"1-srcalpha"},"vertex":"rendertype_entity_solid","fragment":"rendertype_entity_solid","attributes":["Position","Color","UV0","UV1","UV2","Normal"],"samplers":[{"name":"Sampler0"},{"name":"Sampler1"},{"name":"Sampler2"}],"uniforms":[{"name":"ModelViewMat","type":"matrix4x4","count":16,"values":[1.0,0.0,0.0,0.0,0.0,1.0,0.0,0.0,0.0,0.0,1.0,0.0,0.0,0.0,0.0,1.0]},{"name":"ProjMat","type":"matrix4x4","count":16,"values":[1.0,0.0,0.0,0.0,0.0,1.0,0.0,0.0,0.0,0.0,1.0,0.0,0.0,0.0,0.0,1.0]},{"name":"IViewRotMat","type":"matrix3x3","count":9,"values":[1.0,0.0,0.0,0.0,1.0,0.0,0.0,0.0,1.0]},{"name":"ColorModulator","type":"float","count":4,"values":[1.0,1.0,1.0,1.0]},{"name":"Light0_Direction","type":"float","count":3,"values":[0.0,0.0,0.0]},{"name":"Light1_Direction","type":"float","count":3,"values":[0.0,0.0,0.0]},{"name":"FogStart","type":"float","count":1,"values":[0.0]},{"name":"FogEnd","type":"float","count":1,"values":[1.0]},{"name":"FogColor","type":"float","count":4,"values":[0.0,0.0,0.0,0.0]},{"name":"FogShape","type":"int","count":1,"values":[0]}]},"rendertype_entity_translucent":{"blend":{"func":"add","srcrgb":"srcalpha","dstrgb":"1-srcalpha"},"vertex":"rendertype_entity_translucent","fragment":"rendertype_entity_translucent","attributes":["Position","Color","UV0","UV1","UV2","Normal"],"samplers":[{"name":"Sampler0"},{"name":"Sampler1"},{"name":"Sampler2"}],"uniforms":[{"name":"ModelViewMat","type":"matrix4x4","count":16,"values":[1.0,0.0,0.0,0.0,0.0,1.0,0.0,0.0,0.0,0.0,1.0,0.0,0.0,0.0,0.0,1.0]},{"name":"ProjMat","type":"matrix4x4","count":16,"values":[1.0,0.0,0.0,0.0,0.0,1.0,0.0,0.0,0.0,0.0,1.0,0.0,0.0,0.0,0.0,1.0]},{"name":"IViewRotMat","type":"matrix3x3","count":9,"values":[1.0,0.0,0.0,0.0,1.0,0.0,0.0,0.0,1.0]},{"name":"ColorModulator","type":"float","count":4,"values":[1.0,1.0,1.0,1.0]},{"name":"Light0_Direction","type":"float","count":3,"values":[0.0,0.0,0.0]},{"name":"Light1_Direction","type":"float","count":3,"values":[0.0,0.0,0.0]},{"name":"FogStart","type":"float","count":1,"values":[0.0]},{"name":"FogEnd","type":"float","count":1,"values":[1.0]},{"name":"FogColor","type":"float","count":4,"values":[0.0,0.0,0.0,0.0]},{"name":"FogShape","type":"int","count":1,"values":[0]}]},"rendertype_entity_translucent_cull":{"blend":{"func":"add","srcrgb":"srcalpha","dstrgb":"1-srcalpha"},"vertex":"rendertype_entity_translucent_cull","fragment":"rendertype_entity_translucent_cull","attributes":["Position","Color","UV0","UV1","UV2","Normal"],"samplers":[{"name":"Sampler0"},{"name":"Sampler2"}],"uniforms":[{"name":"ModelViewMat","type":"matrix4x4","count":16,"values":[1.0,0.0,0.0,0.0,0.0,1.0,0.0,0.0,0.0,0.0,1.0,0.0,0.0,0.0,0.0,1.0]},{"name":"ProjMat","type":"matrix4x4","count":16,"values":[1.0,0.0,0.0,0.0,0.0,1.0,0.0,0.0,0.0,0.0,1.0,0.0,0.0,0.0,0.0,1.0]},{"name":"IViewRotMat","type":"matrix3x3","count":9,"values":[1.0,0.0,0.0,0.0,1.0,0.0,0.0,0.0,1.0]},{"name":"ColorModulator","type":"float","count":4,"values":[1.0,1.0,1.0,1.0]},{"name":"Light0_Direction","type":"float","count":3,"values":[0.0,0.0,0.0]},{"name":"Light1_Direction","type":"float","count":3,"values":[0.0,0.0,0.0]},{"name":"FogStart","type":"float","count":1,"values":[0.0]},{"name":"FogEnd","type":"float","count":1,"values":[1.0]},{"name":"FogColor","type":"float","count":4,"values":[0.0,0.0,0.0,0.0]},{"name":"FogShape","type":"int","count":1,"values":[0]}]},"rendertype_entity_translucent_emissive":{"blend":{"func":"add","srcrgb":"srcalpha","dstrgb":"1-srcalpha"},"vertex":"rendertype_entity_translucent_emissive","fragment":"rendertype_entity_translucent_emissive","attributes":["Position","Color","UV0","UV1","UV2","Normal"],"samplers":[{"name":"Sampler0"},{"name":"Sampler1"},{"name":"Sampler2"}],"uniforms":[{"name":"ModelViewMat","type":"matrix4x4","count":16,"values":[1.0,0.0,0.0,0.0,0.0,1.0,0.0,0.0,0.0,0.0,1.0,0.0,0.0,0.0,0.0,1.0]},{"name":"ProjMat","type":"matrix4x4","count":16,"values":[1.0,0.0,0.0,0.0,0.0,1.0,0.0,0.0,0.0,0.0,1.0,0.0,0.0,0.0,0.0,1.0]},{"name":"ColorModulator","type":"float","count":4,"values":[1.0,1.0,1.0,1.0]},{"name":"Light0_Direction","type":"float","count":3,"values":[0.0,0.0,0.0]},{"name":"Light1_Direction","type":"float","count":3,"values":[0.0,0.0,0.0]},{"name":"FogStart","type":"float","count":1,"values":[0.0]},{"name":"FogEnd","type":"float","count":1,"values":[1.0]}]},"rendertype_eyes":{"blend":{"func":"add","srcrgb":"srcalpha","dstrgb":"1-srcalpha"},"vertex":"rendertype_eyes","fragment":"rendertype_eyes","attributes":["Position","Color","UV0","UV1","UV2","Normal"],"samplers":[{"name":"Sampler0"}],"uniforms":[{"name":"ModelViewMat","type":"matrix4x4","count":16,"values":[1.0,0.0,0.0,0.0,0.0,1.0,0.0,0.0,0.0,0.0,1.0,0.0,0.0,0.0,0.0,1.0]},{"name":"ProjMat","type":"matrix4x4","count":16,"values":[1.0,0.0,0.0,0.0,0.0,1.0,0.0,0.0,0.0,0.0,1.0,0.0,0.0,0.0,0.0,1.0]},{"name":"IViewRotMat","type":"matrix3x3","count":9,"values":[1.0,0.0,0.0,0.0,1.0,0.0,0.0,0.0,1.0]},{"name":"ColorModulator","type":"float","count":4,"values":[1.0,1.0,1.0,1.0]},{"name":"FogStart","type":"float","count":1,"values":[0.0]},{"name":"FogEnd","type":"float","count":1,"values":[1.0]},{"name":"FogShape","type":"int","count":1,"values":[0]}]},"rendertype_glint":{"blend":{"func":"add","srcrgb":"srcalpha","dstrgb":"1-srcalpha"},"vertex":"rendertype_glint","fragment":"rendertype_glint","attributes":["Position","UV0"],"samplers":[{"name":"Sampler0"}],"uniforms":[{"name":"ModelViewMat","type":"matrix4x4","count":16,"values":[1.0,0.0,0.0,0.0,0.0,1.0,0.0,0.0,0.0,0.0,1.0,0.0,0.0,0.0,0.0,1.0]},{"name":"ProjMat","type":"matrix4x4","count":16,"values":[1.0,0.0,0.0,0.0,0.0,1.0,0.0,0.0,0.0,0.0,1.0,0.0,0.0,0.0,0.0,1.0]},{"name":"IViewRotMat","type":"matrix3x3","count":9,"values":[1.0,0.0,0.0,0.0,1.0,0.0,0.0,0.0,1.0]},{"name":"ColorModulator","type":"float","count":4,"values":[1.0,1.0,1.0,1.0]},{"name":"GlintAlpha","type":"float","count":1,"values":[1.0]},{"name":"FogStart","type":"float","count":1,"values":[0.0]},{"name":"FogEnd","type":"float","count":1,"values":[1.0]},{"name":"FogShape","type":"int","count":1,"values":[0]},{"name":"TextureMat","type":"matrix4x4","count":16,"values":[1.0,0.0,0.0,0.0,0.0,1.0,0.0,0.0,0.0,0.0,1.0,0.0,0.0,0.0,0.0,1.0]}]},"rendertype_glint_direct":{"blend":{"func":"add","srcrgb":"srcalpha","dstrgb":"1-srcalpha"},"vertex":"rendertype_glint_direct","fragment":"rendertype_glint_direct","attributes":["Position","UV0"],"samplers":[{"name":"Sampler0"}],"uniforms":[{"name":"ModelViewMat","type":"matrix4x4","count":16,"values":[1.0,0.0,0.0,0.0,0.0,1.0,0.0,0.0,0.0,0.0,1.0,0.0,0.0,0.0,0.0,1.0]},{"name":"ProjMat","type":"matrix4x4","count":16,"values":[1.0,0.0,0.0,0.0,0.0,1.0,0.0,0.0,0.0,0.0,1.0,0.0,0.0,0.0,0.0,1.0]},{"name":"IViewRotMat","type":"matrix3x3","count":9,"values":[1.0,0.0,0.0,0.0,1.0,0.0,0.0,0.0,1.0]},{"name":"ColorModulator","type":"float","count":4,"values":[1.0,1.0,1.0,1.0]},{"name":"GlintAlpha","type":"float","count":1,"values":[1.0]},{"name":"FogStart","type":"float","count":1,"values":[0.0]},{"name":"FogEnd","type":"float","count":1,"values":[1.0]},{"name":"FogShape","type":"int","count":1,"values":[0]},{"name":"TextureMat","type":"matrix4x4","count":16,"values":[1.0,0.0,0.0,0.0,0.0,1.0,0.0,0.0,0.0,0.0,1.0,0.0,0.0,0.0,0.0,1.0]}]},"rendertype_glint_translucent":{"blend":{"func":"add","srcrgb":"srcalpha","dstrgb":"1-srcalpha"},"vertex":"rendertype_glint_translucent","fragment":"rendertype_glint_translucent","attributes":["Position","UV0"],"samplers":[{"name":"Sampler0"}],"uniforms":[{"name":"ModelViewMat","type":"matrix4x4","count":16,"values":[1.0,0.0,0.0,0.0,0.0,1.0,0.0,0.0,0.0,0.0,1.0,0.0,0.0,0.0,0.0,1.0]},{"name":"ProjMat","type":"matrix4x4","count":16,"values":[1.0,0.0,0.0,0.0,0.0,1.0,0.0,0.0,0.0,0.0,1.0,0.0,0.0,0.0,0.0,1.0]},{"name":"IViewRotMat","type":"matrix3x3","count":9,"values":[1.0,0.0,0.0,0.0,1.0,0.0,0.0,0.0,1.0]},{"name":"ColorModulator","type":"float","count":4,"values":[1.0,1.0,1.0,1.0]},{"name":"GlintAlpha","type":"float","count":1,"values":[1.0]},{"name":"FogStart","type":"float","count":1,"values":[0.0]},{"name":"FogEnd","type":"float","count":1,"values":[1.0]},{"name":"FogShape","type":"int","count":1,"values":[0]},{"name":"TextureMat","type":"matrix4x4","count":16,"values":[1.0,0.0,0.0,0.0,0.0,1.0,0.0,0.0,0.0,0.0,1.0,0.0,0.0,0.0,0.0,1.0]}]},"rendertype_item_entity_translucent_cull":{"blend":{"func":"add","srcrgb":"srcalpha","dstrgb":"1-srcalpha"},"vertex":"rendertype_item_entity_translucent_cull","fragment":"rendertype_item_entity_translucent_cull","attributes":["Position","Color","UV0","UV1","UV2","Normal"],"samplers":[{"name":"Sampler0"},{"name":"Sampler2"}],"uniforms":[{"name":"ModelViewMat","type":"matrix4x4","count":16,"values":[1.0,0.0,0.0,0.0,0.0,1.0,0.0,0.0,0.0,0.0,1.0,0.0,0.0,0.0,0.0,1.0]},{"name":"ProjMat","type":"matrix4x4","count":16,"values":[1.0,0.0,0.0,0.0,0.0,1.0,0.0,0.0,0.0,0.0,1.0,0.0,0.0,0.0,0.0,1.0]},{"name":"IViewRotMat","type":"matrix3x3","count":9,"values":[1.0,0.0,0.0,0.0,1.0,0.0,0.0,0.0,1.0]},{"name":"ColorModulator","type":"float","count":4,"values":[1.0,1.0,1.0,1.0]},{"name":"Light0_Direction","type":"float","count":3,"values":[0.0,0.0,0.0]},{"name":"Light1_Direction","type":"float","count":3,"values":[0.0,0.0,0.0]},{"name":"FogStart","type":"float","count":1,"values":[0.0]},{"name":"FogEnd","type":"float","count":1,"values":[1.0]},{"name":"FogColor","type":"float","count":4,"values":[0.0,0.0,0.0,0.0]},{"name":"FogShape","type":"int","count":1,"values":[0]}]},"rendertype_leash":{"blend":{"func":"add","srcrgb":"srcalpha","dstrgb":"1-srcalpha"},"vertex":"rendertype_leash","fragment":"rendertype_leash","attributes":["Position","Color","UV2"],"samplers":[{"name":"Sampler2"}],"uniforms":[{"name":"ModelViewMat","type":"matrix4x4","count":16,"values":[1.0,0.0,0.0,0.0,0.0,1.0,0.0,0.0,0.0,0.0,1.0,0.0,0.0,0.0,0.0,1.0]},{"name":"ProjMat","type":"matrix4x4","count":16,"values":[1.0,0.0,0.0,0.0,0.0,1.0,0.0,0.0,0.0,0.0,1.0,0.0,0.0,0.0,0.0,1.0]},{"name":"IViewRotMat","type":"matrix3x3","count":9,"values":[1.0,0.0,0.0,0.0,1.0,0.0,0.0,0.0,1.0]},{"name":"ColorModulator","type":"float","count":4,"values":[1.0,1.0,1.0,1.0]},{"name":"FogStart","type":"float","count":1,"values":[0.0]},{"name":"FogEnd","type":"float","count":1,"values":[1.0]},{"name":"FogColor","type":"float","count":4,"values":[0.0,0.0,0.0,0.0]},{"name":"FogShape","type":"int","count":1,"values":[0]}]},"rendertype_lightning":{"blend":{"func":"add","srcrgb":"srcalpha","dstrgb":"1-srcalpha"},"vertex":"rendertype_lightning","fragment":"rendertype_lightning","attributes":["Color"],"samplers":[],"uniforms":[{"name":"ModelViewMat","type":"matrix4x4","count":16,"values":[1.0,0.0,0.0,0.0,0.0,1.0,0.0,0.0,0.0,0.0,1.0,0.0,0.0,0.0,0.0,1.0]},{"name":"ProjMat","type":"matrix4x4","count":16,"values":[1.0,0.0,0.0,0.0,0.0,1.0,0.0,0.0,0.0,0.0,1.0,0.0,0.0,0.0,0.0,1.0]},{"name":"IViewRotMat","type":"matrix3x3","count":9,"values":[1.0,0.0,0.0,0.0,1.0,0.0,0.0,0.0,1.0]},{"name":"ColorModulator","type":"float","count":4,"values":[1.0,1.0,1.0,1.0]},{"name":"FogStart","type":"float","count":1,"values":[0.0]},{"name":"FogEnd","type":"float","count":1,"values":[1.0]},{"name":"FogShape","type":"int","count":1,"values":[0]}]},"rendertype_lines":{"blend":{"func":"add","srcrgb":"srcalpha","dstrgb":"1-srcalpha"},"vertex":"rendertype_lines","fragment":"rendertype_lines","attributes":["Position","Color","Normal"],"samplers":[],"uniforms":[{"name":"ModelViewMat","type":"matrix4x4","count":16,"values":[1.0,0.0,0.0,0.0,0.0,1.0,0.0,0.0,0.0,0.0,1.0,0.0,0.0,0.0,0.0,1.0]},{"name":"ProjMat","type":"matrix4x4","count":16,"values":[1.0,0.0,0.0,0.0,0.0,1.0,0.0,0.0,0.0,0.0,1.0,0.0,0.0,0.0,0.0,1.0]},{"name":"ColorModulator","type":"float","count":4,"values":[1.0,1.0,1.0,1.0]},{"name":"LineWidth","type":"float","count":1,"values":[1.0]},{"name":"ScreenSize","type":"float","count":2,"values":[1.0,1.0]},{"name":"FogStart","type":"float","count":1,"values":[0.0]},{"name":"FogEnd","type":"float","count":1,"values":[1.0]},{"name":"FogColor","type":"float","count":4,"values":[0.0,0.0,0.0,0.0]},{"name":"FogShape","type":"int","count":1,"values":[0]}]},"rendertype_outline":{"blend":{"func":"add","srcrgb":"srcalpha","dstrgb":"1-srcalpha"},"vertex":"rendertype_outline","fragment":"rendertype_outline","attributes":["Position","Color","UV0"],"samplers":[{"name":"Sampler0"}],"uniforms":[{"name":"ModelViewMat","type":"matrix4x4","count":16,"values":[1.0,0.0,0.0,0.0,0.0,1.0,0.0,0.0,0.0,0.0,1.0,0.0,0.0,0.0,0.0,1.0]},{"name":"ProjMat","type":"matrix4x4","count":16,"values":[1.0,0.0,0.0,0.0,0.0,1.0,0.0,0.0,0.0,0.0,1.0,0.0,0.0,0.0,0.0,1.0]},{"name":"ColorModulator","type":"float","count":4,"values":[1.0,1.0,1.0,1.0]}]},"rendertype_solid":{"blend":{"func":"add","srcrgb":"srcalpha","dstrgb":"1-srcalpha"},"vertex":"rendertype_solid","fragment":"rendertype_solid","attributes":["Position","Color","UV0","UV2","Normal"],"samplers":[{"name":"Sampler0"},{"name":"Sampler2"}],"uniforms":[{"name":"ModelViewMat","type":"matrix4x4","count":16,"values":[1.0,0.0,0.0,0.0,0.0,1.0,0.0,0.0,0.0,0.0,1.0,0.0,0.0,0.0,0.0,1.0]},{"name":"ProjMat","type":"matrix4x4","count":16,"values":[1.0,0.0,0.0,0.0,0.0,1.0,0.0,0.0,0.0,0.0,1.0,0.0,0.0,0.0,0.0,1.0]},{"name":"ChunkOffset","type":"float","count":3,"values":[0.0,0.0,0.0]},{"name":"ColorModulator","type":"float","count":4,"values":[1.0,1.0,1.0,1.0]},{"name":"FogStart","type":"float","count":1,"values":[0.0]},{"name":"FogEnd","type":"float","count":1,"values":[1.0]},{"name":"FogColor","type":"float","count":4,"values":[0.0,0.0,0.0,0.0]},{"name":"FogShape","type":"int","count":1,"values":[0]}]},"rendertype_text":{"blend":{"func":"add","srcrgb":"srcalpha","dstrgb":"1-srcalpha"},"vertex":"rendertype_text","fragment":"rendertype_text","attributes":["Position","Color","UV0","UV2"],"samplers":[{"name":"Sampler0"},{"name":"Sampler2"}],"uniforms":[{"name":"ModelViewMat","type":"matrix4x4","count":16,"values":[1.0,0.0,0.0,0.0,0.0,1.0,0.0,0.0,0.0,0.0,1.0,0.0,0.0,0.0,0.0,1.0]},{"name":"ProjMat","type":"matrix4x4","count":16,"values":[1.0,0.0,0.0,0.0,0.0,1.0,0.0,0.0,0.0,0.0,1.0,0.0,0.0,0.0,0.0,1.0]},{"name":"IViewRotMat","type":"matrix3x3","count":9,"values":[1.0,0.0,0.0,0.0,1.0,0.0,0.0,0.0,1.0]},{"name":"ColorModulator","type":"float","count":4,"values":[1.0,1.0,1.0,1.0]},{"name":"FogStart","type":"float","count":1,"values":[0.0]},{"name":"FogEnd","type":"float","count":1,"values":[1.0]},{"name":"FogColor","type":"float","count":4,"values":[0.0,0.0,0.0,0.0]},{"name":"FogShape","type":"int","count":1,"values":[0]}]},"rendertype_text_background":{"blend":{"func":"add","srcrgb":"srcalpha","dstrgb":"1-srcalpha"},"vertex":"rendertype_text_background","fragment":"rendertype_text_background","attributes":["Position","Color","UV2"],"samplers":[{"name":"Sampler2"}],"uniforms":[{"name":"ModelViewMat","type":"matrix4x4","count":16,"values":[1.0,0.0,0.0,0.0,0.0,1.0,0.0,0.0,0.0,0.0,1.0,0.0,0.0,0.0,0.0,1.0]},{"name":"ProjMat","type":"matrix4x4","count":16,"values":[1.0,0.0,0.0,0.0,0.0,1.0,0.0,0.0,0.0,0.0,1.0,0.0,0.0,0.0,0.0,1.0]},{"name":"IViewRotMat","type":"matrix3x3","count":9,"values":[1.0,0.0,0.0,0.0,1.0,0.0,0.0,0.0,1.0]},{"name":"ColorModulator","type":"float","count":4,"values":[1.0,1.0,1.0,1.0]},{"name":"FogStart","type":"float","count":1,"values":[0.0]},{"name":"FogEnd","type":"float","count":1,"values":[1.0]},{"name":"FogColor","type":"float","count":4,"values":[0.0,0.0,0.0,0.0]},{"name":"FogShape","type":"int","count":1,"values":[0]}]},"rendertype_text_background_see_through":{"blend":{"func":"add","srcrgb":"srcalpha","dstrgb":"1-srcalpha"},"vertex":"rendertype_text_background_see_through","fragment":"rendertype_text_background_see_through","attributes":["Position","Color"],"samplers":[],"uniforms":[{"name":"ModelViewMat","type":"matrix4x4","count":16,"values":[1.0,0.0,0.0,0.0,0.0,1.0,0.0,0.0,0.0,0.0,1.0,0.0,0.0,0.0,0.0,1.0]},{"name":"ProjMat","type":"matrix4x4","count":16,"values":[1.0,0.0,0.0,0.0,0.0,1.0,0.0,0.0,0.0,0.0,1.0,0.0,0.0,0.0,0.0,1.0]},{"name":"ColorModulator","type":"float","count":4,"values":[1.0,1.0,1.0,1.0]}]},"rendertype_text_intensity":{"blend":{"func":"add","srcrgb":"srcalpha","dstrgb":"1-srcalpha"},"vertex":"rendertype_text_intensity","fragment":"rendertype_text_intensity","attributes":["Position","Color","UV0","UV2"],"samplers":[{"name":"Sampler0"},{"name":"Sampler2"}],"uniforms":[{"name":"ModelViewMat","type":"matrix4x4","count":16,"values":[1.0,0.0,0.0,0.0,0.0,1.0,0.0,0.0,0.0,0.0,1.0,0.0,0.0,0.0,0.0,1.0]},{"name":"ProjMat","type":"matrix4x4","count":16,"values":[1.0,0.0,0.0,0.0,0.0,1.0,0.0,0.0,0.0,0.0,1.0,0.0,0.0,0.0,0.0,1.0]},{"name":"IViewRotMat","type":"matrix3x3","count":9,"values":[1.0,0.0,0.0,0.0,1.0,0.0,0.0,0.0,1.0]},{"name":"ColorModulator","type":"float","count":4,"values":[1.0,1.0,1.0,1.0]},{"name":"FogStart","type":"float","count":1,"values":[0.0]},{"name":"FogEnd","type":"float","count":1,"values":[1.0]},{"name":"FogColor","type":"float","count":4,"values":[0.0,0.0,0.0,0.0]},{"name":"FogShape","type":"int","count":1,"values":[0]}]},"rendertype_text_intensity_see_through":{"blend":{"func":"add","srcrgb":"srcalpha","dstrgb":"1-srcalpha"},"vertex":"rendertype_text_intensity_see_through","fragment":"rendertype_text_intensity_see_through","attributes":["Position","Color","UV0"],"samplers":[{"name":"Sampler0"}],"uniforms":[{"name":"ModelViewMat","type":"matrix4x4","count":16,"values":[1.0,0.0,0.0,0.0,0.0,1.0,0.0,0.0,0.0,0.0,1.0,0.0,0.0,0.0,0.0,1.0]},{"name":"ProjMat","type":"matrix4x4","count":16,"values":[1.0,0.0,0.0,0.0,0.0,1.0,0.0,0.0,0.0,0.0,1.0,0.0,0.0,0.0,0.0,1.0]},{"name":"ColorModulator","type":"float","count":4,"values":[1.0,1.0,1.0,1.0]}]},"rendertype_text_see_through":{"blend":{"func":"add","srcrgb":"srcalpha","dstrgb":"1-srcalpha"},"vertex":"rendertype_text_see_through","fragment":"rendertype_text_see_through","attributes":["Position","Color","UV0"],"samplers":[{"name":"Sampler0"}],"uniforms":[{"name":"ModelViewMat","type":"matrix4x4","count":16,"values":[1.0,0.0,0.0,0.0,0.0,1.0,0.0,0.0,0.0,0.0,1.0,0.0,0.0,0.0,0.0,1.0]},{"name":"ProjMat","type":"matrix4x4","count":16,"values":[1.0,0.0,0.0,0.0,0.0,1.0,0.0,0.0,0.0,0.0,1.0,0.0,0.0,0.0,0.0,1.0]},{"name":"ColorModulator","type":"float","count":4,"values":[1.0,1.0,1.0,1.0]}]},"rendertype_translucent":{"blend":{"func":"add","srcrgb":"srcalpha","dstrgb":"1-srcalpha"},"vertex":"rendertype_translucent","fragment":"rendertype_translucent","attributes":["Position","Color","UV0","UV2","Normal"],"samplers":[{"name":"Sampler0"},{"name":"Sampler2"}],"uniforms":[{"name":"ModelViewMat","type":"matrix4x4","count":16,"values":[1.0,0.0,0.0,0.0,0.0,1.0,0.0,0.0,0.0,0.0,1.0,0.0,0.0,0.0,0.0,1.0]},{"name":"ProjMat","type":"matrix4x4","count":16,"values":[1.0,0.0,0.0,0.0,0.0,1.0,0.0,0.0,0.0,0.0,1.0,0.0,0.0,0.0,0.0,1.0]},{"name":"ChunkOffset","type":"float","count":3,"values":[0.0,0.0,0.0]},{"name":"ColorModulator","type":"float","count":4,"values":[1.0,1.0,1.0,1.0]},{"name":"FogStart","type":"float","count":1,"values":[0.0]},{"name":"FogEnd","type":"float","count":1,"values":[1.0]},{"name":"FogColor","type":"float","count":4,"values":[0.0,0.0,0.0,0.0]},{"name":"FogShape","type":"int","count":1,"values":[0]}]},"rendertype_translucent_moving_block":{"blend":{"func":"add","srcrgb":"srcalpha","dstrgb":"1-srcalpha"},"vertex":"rendertype_translucent_moving_block","fragment":"rendertype_translucent_moving_block","attributes":["Position","Color","UV0","UV2","Normal"],"samplers":[{"name":"Sampler0"},{"name":"Sampler2"}],"uniforms":[{"name":"ModelViewMat","type":"matrix4x4","count":16,"values":[1.0,0.0,0.0,0.0,0.0,1.0,0.0,0.0,0.0,0.0,1.0,0.0,0.0,0.0,0.0,1.0]},{"name":"ProjMat","type":"matrix4x4","count":16,"values":[1.0,0.0,0.0,0.0,0.0,1.0,0.0,0.0,0.0,0.0,1.0,0.0,0.0,0.0,0.0,1.0]},{"name":"ColorModulator","type":"float","count":4,"values":[1.0,1.0,1.0,1.0]}]},"rendertype_translucent_no_crumbling":{"blend":{"func":"add","srcrgb":"srcalpha","dstrgb":"1-srcalpha"},"vertex":"rendertype_translucent_no_crumbling","fragment":"rendertype_translucent_no_crumbling","attributes":["Position","Color","UV0","UV2","Normal"],"samplers":[{"name":"Sampler0"}],"uniforms":[{"name":"ModelViewMat","type":"matrix4x4","count":16,"values":[1.0,0.0,0.0,0.0,0.0,1.0,0.0,0.0,0.0,0.0,1.0,0.0,0.0,0.0,0.0,1.0]},{"name":"ProjMat","type":"matrix4x4","count":16,"values":[1.0,0.0,0.0,0.0,0.0,1.0,0.0,0.0,0.0,0.0,1.0,0.0,0.0,0.0,0.0,1.0]},{"name":"ColorModulator","type":"float","count":4,"values":[1.0,1.0,1.0,1.0]}]},"rendertype_tripwire":{"blend":{"func":"add","srcrgb":"srcalpha","dstrgb":"1-srcalpha"},"vertex":"rendertype_tripwire","fragment":"rendertype_tripwire","attributes":["Position","Color","UV0","UV2","Normal"],"samplers":[{"name":"Sampler0"},{"name":"Sampler2"}],"uniforms":[{"name":"ModelViewMat","type":"matrix4x4","count":16,"values":[1.0,0.0,0.0,0.0,0.0,1.0,0.0,0.0,0.0,0.0,1.0,0.0,0.0,0.0,0.0,1.0]},{"name":"ProjMat","type":"matrix4x4","count":16,"values":[1.0,0.0,0.0,0.0,0.0,1.0,0.0,0.0,0.0,0.0,1.0,0.0,0.0,0.0,0.0,1.0]},{"name":"ChunkOffset","type":"float","count":3,"values":[0.0,0.0,0.0]},{"name":"ColorModulator","type":"float","count":4,"values":[1.0,1.0,1.0,1.0]},{"name":"FogStart","type":"float","count":1,"values":[0.0]},{"name":"FogEnd","type":"float","count":1,"values":[1.0]},{"name":"FogColor","type":"float","count":4,"values":[0.0,0.0,0.0,0.0]},{"name":"FogShape","type":"int","count":1,"values":[0]}]},"rendertype_water_mask":{"blend":{"func":"add","srcrgb":"srcalpha","dstrgb":"1-srcalpha"},"vertex":"rendertype_water_mask","fragment":"rendertype_water_mask","attributes":[],"samplers":[],"uniforms":[{"name":"ModelViewMat","type":"matrix4x4","count":16,"values":[1.0,0.0,0.0,0.0,0.0,1.0,0.0,0.0,0.0,0.0,1.0,0.0,0.0,0.0,0.0,1.0]},{"name":"ProjMat","type":"matrix4x4","count":16,"values":[1.0,0.0,0.0,0.0,0.0,1.0,0.0,0.0,0.0,0.0,1.0,0.0,0.0,0.0,0.0,1.0]},{"name":"ColorModulator","type":"float","count":4,"values":[1.0,1.0,1.0,1.0]}]}}