{
  "parent": "item/generated",
  "textures": {
    "layer0": "farmersdelight:item/ratatouille"
  },

  "overrides": [

    {
      "predicate": {
        "eating": 1,
        "eat": 0.35
      },
      "model": "farmersdelight:item/ratatouille_eating_0"
    },
    {
      "predicate": {
        "eating": 1,
        "eat": 0.70
      },
      "model": "farmersdelight:item/ratatouille_eating_1"
    },

    {
      "predicate": {

        "eating": 1,
        "eat": 0.90
      },
      "model": "farmersdelight:item/ratatouille_eating_2"
    }
  ]
}