{
	"credit": "Made with block/acacia/acacia_trapdoorbench",
	"texture_size": [32, 32],
	"textures": {
		"1": "block/acacia/acacia_doors/acacia_trapdoor",
		"particle": "block/acacia_trapdoor"
	},
	"elements": [
		{
			"from": [0, 0, 0],
			"to": [3, 3, 16],
			"faces": {
				"east": {"uv": [0, 14.5, 8, 13], "rotation": 180, "texture": "#1"},
				"west": {"uv": [0, 13, 8, 14.5], "texture": "#1", "cullface": "west"},
				"up": {"uv": [6.5, 0, 8, 8], "rotation": 180, "texture": "#1"},
				"down": {"uv": [0, 0, 1.5, 8], "texture": "#1"}
			}
		},
		{
			"from": [5, 0, 3],
			"to": [7, 3, 13],
			"faces": {
				"east": {"uv": [1.5, 14.5, 6.5, 13], "rotation": 180, "texture": "#1"},
				"west": {"uv": [1.5, 13, 6.5, 14.5], "texture": "#1"},
				"up": {"uv": [2.5, 1.5, 3.5, 6.5], "rotation": 180, "texture": "#1"},
				"down": {"uv": [2.5, 1.5, 3.5, 6.5], "texture": "#1"}
			}
		},
		{
			"from": [0, 0, 0],
			"to": [16, 3, 3],
			"faces": {
				"north": {"uv": [0, 9, 8, 10.5], "texture": "#1", "cullface": "north"},
				"south": {"uv": [0, 9, 8, 10.5], "texture": "#1", "cullface": "south"},
				"up": {"uv": [0, 6.5, 8, 8], "rotation": 180, "texture": "#1"},
				"down": {"uv": [0, 6.5, 8, 8], "texture": "#1"}
			}
		},
		{
			"from": [0, 0, 13],
			"to": [16, 3, 16],
			"faces": {
				"north": {"uv": [0, 9, 8, 10.5], "texture": "#1"},
				"south": {"uv": [0, 9, 8, 10.5], "texture": "#1", "cullface": "south"},
				"up": {"uv": [0, 0, 8, 1.5], "rotation": 180, "texture": "#1"},
				"down": {"uv": [0, 0, 8, 1.5], "texture": "#1"}
			}
		},
		{
			"from": [9, 0, 3],
			"to": [11, 3, 13],
			"faces": {
				"east": {"uv": [1.5, 14.5, 6.5, 13], "rotation": 180, "texture": "#1"},
				"west": {"uv": [1.5, 13, 6.5, 14.5], "texture": "#1"},
				"up": {"uv": [2.5, 1.5, 3.5, 6.5], "rotation": 180, "texture": "#1"},
				"down": {"uv": [4.5, 1.5, 5.5, 6.5], "texture": "#1"}
			}
		},
		{
			"from": [13, 0, 0],
			"to": [16, 3, 16],
			"faces": {
				"east": {"uv": [0, 14.5, 8, 13], "rotation": 180, "texture": "#1", "cullface": "east"},
				"west": {"uv": [0, 13, 8, 14.5], "texture": "#1"},
				"up": {"uv": [0, 0, 1.5, 8], "rotation": 180, "texture": "#1"},
				"down": {"uv": [6.5, 0, 8, 8], "texture": "#1"}
			}
		}
	]
}