{
  "parent": "item/generated",
  "textures": {
    "layer0": "betterend:item/umbrella_cluster_juice"
  },

  "overrides": [

    {
      "predicate": {
        "eating": 1,
        "eat": 0.35
      },
      "model": "betterend:item/umbrella_cluster_juice_eating_0"
    },
    {
      "predicate": {
        "eating": 1,
        "eat": 0.70
      },
      "model": "betterend:item/umbrella_cluster_juice_eating_1"
    },

    {
      "predicate": {

        "eating": 1,
        "eat": 0.90
      },
      "model": "betterend:item/umbrella_cluster_juice_eating_2"
    }
  ]
}