{"antialias":{"targets":["swap"],"passes":[{"name":"antialias","intarget":"minecraft:main","outtarget":"swap"},{"name":"blit","intarget":"swap","outtarget":"minecraft:main"}]},"art":{"targets":["0","1"],"passes":[{"name":"blobs2","intarget":"minecraft:main","outtarget":"0"},{"name":"outline_watercolor","intarget":"0","outtarget":"minecraft:main"},{"name":"blur","intarget":"minecraft:main","outtarget":"1","uniforms":[{"name":"BlurDir","values":[0.8,0.0]},{"name":"Radius","values":[20.0]}]},{"name":"blur","intarget":"1","outtarget":"minecraft:main","uniforms":[{"name":"BlurDir","values":[0.0,0.8]},{"name":"Radius","values":[20.0]}]},{"name":"outline_combine","intarget":"0","outtarget":"1","auxtargets":[{"name":"OutlineSampler","id":"minecraft:main"}]},{"name":"blit","intarget":"1","outtarget":"minecraft:main"}]},"bits":{"targets":["swap"],"passes":[{"name":"bits","intarget":"minecraft:main","outtarget":"swap"},{"name":"blit","intarget":"swap","outtarget":"minecraft:main"}]},"blobs":{"targets":["swap"],"passes":[{"name":"blobs","intarget":"minecraft:main","outtarget":"swap"},{"name":"blit","intarget":"swap","outtarget":"minecraft:main"}]},"blobs2":{"targets":["swap"],"passes":[{"name":"blobs2","intarget":"minecraft:main","outtarget":"swap"},{"name":"blit","intarget":"swap","outtarget":"minecraft:main"}]},"blur":{"targets":["swap"],"passes":[{"name":"blur","intarget":"minecraft:main","outtarget":"swap","uniforms":[{"name":"BlurDir","values":[1.0,0.0]},{"name":"Radius","values":[20.0]}]},{"name":"blur","intarget":"swap","outtarget":"minecraft:main","uniforms":[{"name":"BlurDir","values":[0.0,1.0]},{"name":"Radius","values":[20.0]}]}]},"bumpy":{"targets":["swap"],"passes":[{"name":"bumpy","intarget":"minecraft:main","outtarget":"swap"},{"name":"blit","intarget":"swap","outtarget":"minecraft:main"}]},"color_convolve":{"targets":["swap"],"passes":[{"name":"color_convolve","intarget":"minecraft:main","outtarget":"swap","uniforms":[{"name":"Saturation","values":[1.4]}]},{"name":"blit","intarget":"swap","outtarget":"minecraft:main"}]},"creeper":{"targets":["swap"],"passes":[{"name":"color_convolve","intarget":"minecraft:main","outtarget":"swap","uniforms":[{"name":"RedMatrix","values":[0.0,0.0,0.0]},{"name":"GreenMatrix","values":[0.3,0.59,0.11]},{"name":"BlueMatrix","values":[0.0,0.0,0.0]}]},{"name":"bits","intarget":"swap","outtarget":"minecraft:main","uniforms":[{"name":"Resolution","values":[16.0]},{"name":"MosaicSize","values":[4.0]}]}]},"deconverge":{"targets":["swap"],"passes":[{"name":"deconverge","intarget":"minecraft:main","outtarget":"swap"},{"name":"blit","intarget":"swap","outtarget":"minecraft:main"}]},"desaturate":{"targets":["swap"],"passes":[{"name":"color_convolve","intarget":"minecraft:main","outtarget":"swap","uniforms":[{"name":"Saturation","values":[0.2]}]},{"name":"blit","intarget":"swap","outtarget":"minecraft:main"}]},"entity_outline":{"targets":["swap","final"],"passes":[{"name":"entity_outline","intarget":"final","outtarget":"swap"},{"name":"blur","intarget":"swap","outtarget":"final","uniforms":[{"name":"BlurDir","values":[1.0,0.0]},{"name":"Radius","values":[2.0]}]},{"name":"blur","intarget":"final","outtarget":"swap","uniforms":[{"name":"BlurDir","values":[0.0,1.0]},{"name":"Radius","values":[2.0]}]},{"name":"blit","intarget":"swap","outtarget":"final"}]},"flip":{"targets":["swap"],"passes":[{"name":"flip","intarget":"minecraft:main","outtarget":"swap"},{"name":"blit","intarget":"swap","outtarget":"minecraft:main"}]},"fxaa":{"targets":["swap"],"passes":[{"name":"fxaa","intarget":"minecraft:main","outtarget":"swap"},{"name":"blit","intarget":"swap","outtarget":"minecraft:main"}]},"green":{"targets":["swap"],"passes":[{"name":"color_convolve","intarget":"minecraft:main","outtarget":"swap","uniforms":[{"name":"RedMatrix","values":[0.0,0.0,0.0]},{"name":"GreenMatrix","values":[0.3,0.59,0.11]},{"name":"BlueMatrix","values":[0.0,0.0,0.0]}]},{"name":"bits","intarget":"swap","outtarget":"minecraft:main"},{"name":"scan_pincushion","intarget":"minecraft:main","outtarget":"swap"},{"name":"blit","intarget":"swap","outtarget":"minecraft:main"}]},"invert":{"targets":["swap"],"passes":[{"name":"invert","intarget":"minecraft:main","outtarget":"swap","uniforms":[{"name":"InverseAmount","values":[0.8]}]},{"name":"blit","intarget":"swap","outtarget":"minecraft:main"}]},"notch":{"targets":["swap"],"passes":[{"name":"notch","intarget":"minecraft:main","outtarget":"swap","auxtargets":[{"name":"DitherSampler","id":"dither","width":4,"height":4,"bilinear":false}]},{"name":"blit","intarget":"swap","outtarget":"minecraft:main"}]},"ntsc":{"targets":["swap","swap2","previous"],"passes":[{"name":"ntsc_encode","intarget":"minecraft:main","outtarget":"swap"},{"name":"ntsc_decode","intarget":"swap","outtarget":"swap2","auxtargets":[{"name":"BaseSampler","id":"minecraft:main"}]},{"name":"color_convolve","intarget":"swap2","outtarget":"swap"},{"name":"deconverge","intarget":"swap","outtarget":"minecraft:main"},{"name":"blur","intarget":"minecraft:main","outtarget":"swap","uniforms":[{"name":"BlurDir","values":[1.0,0.0]},{"name":"Radius","values":[10.0]}]},{"name":"blur","intarget":"swap","outtarget":"minecraft:main","uniforms":[{"name":"BlurDir","values":[0.0,1.0]},{"name":"Radius","values":[10.0]}]},{"name":"scan_pincushion","intarget":"minecraft:main","outtarget":"swap"},{"name":"phosphor","intarget":"swap","outtarget":"minecraft:main","auxtargets":[{"name":"PrevSampler","id":"previous"}],"uniforms":[{"name":"Phosphor","values":[0.4,0.4,0.4]}]},{"name":"blit","intarget":"minecraft:main","outtarget":"previous"}]},"outline":{"targets":["swap","final"],"passes":[{"name":"outline","intarget":"final","outtarget":"swap"},{"name":"blit","intarget":"swap","outtarget":"final"}]},"pencil":{"targets":["swap"],"passes":[{"name":"outline_soft","intarget":"minecraft:main","outtarget":"swap"},{"name":"blit","intarget":"swap","outtarget":"minecraft:main"}]},"phosphor":{"targets":["swap","previous"],"passes":[{"name":"phosphor","intarget":"minecraft:main","outtarget":"swap","auxtargets":[{"name":"PrevSampler","id":"previous"}],"uniforms":[{"name":"Phosphor","values":[0.95,0.95,0.95]}]},{"name":"blit","intarget":"swap","outtarget":"previous"},{"name":"blit","intarget":"swap","outtarget":"minecraft:main"}]},"scan_pincushion":{"targets":["swap"],"passes":[{"name":"scan_pincushion","intarget":"minecraft:main","outtarget":"swap"},{"name":"blit","intarget":"swap","outtarget":"minecraft:main"}]},"sobel":{"targets":["swap"],"passes":[{"name":"sobel","intarget":"minecraft:main","outtarget":"swap"},{"name":"blit","intarget":"swap","outtarget":"minecraft:main"}]},"spider":{"targets":["largeBlur","smallBlur","temp","swap"],"passes":[{"name":"blur","intarget":"minecraft:main","outtarget":"temp","uniforms":[{"name":"BlurDir","values":[1.0,0.0]},{"name":"Radius","values":[15.0]}]},{"name":"blur","intarget":"temp","outtarget":"largeBlur","uniforms":[{"name":"BlurDir","values":[0.0,1.0]},{"name":"Radius","values":[15.0]}]},{"name":"blur","intarget":"minecraft:main","outtarget":"temp","uniforms":[{"name":"BlurDir","values":[1.0,0.0]},{"name":"Radius","values":[7.0]}]},{"name":"blur","intarget":"temp","outtarget":"smallBlur","uniforms":[{"name":"BlurDir","values":[0.0,1.0]},{"name":"Radius","values":[7.0]}]},{"name":"spider","intarget":"minecraft:main","outtarget":"temp","auxtargets":[{"name":"BlurSampler","id":"largeBlur"}],"uniforms":[{"name":"InScale","values":[1.25,2.0]},{"name":"InOffset","values":[-0.125,-0.1]},{"name":"Scissor","values":[0.0,0.0,1.0,1.0]},{"name":"Vignette","values":[0.1,0.1,0.9,0.9]}]},{"name":"spider","intarget":"smallBlur","outtarget":"swap","auxtargets":[{"name":"BlurSampler","id":"temp"}],"uniforms":[{"name":"InScale","values":[2.35,4.2]},{"name":"InOffset","values":[-1.1,-1.5]},{"name":"InRotation","values":[-45.0]},{"name":"Scissor","values":[0.21,0.0,0.79,1.0]},{"name":"Vignette","values":[0.31,0.1,0.69,0.9]}]},{"name":"spider","intarget":"smallBlur","outtarget":"temp","auxtargets":[{"name":"BlurSampler","id":"swap"}],"uniforms":[{"name":"InScale","values":[2.35,4.2]},{"name":"InOffset","values":[0.45,-4.45]},{"name":"InRotation","values":[45.0]},{"name":"Scissor","values":[0.21,0.0,0.79,1.0]},{"name":"Vignette","values":[0.31,0.1,0.69,0.9]}]},{"name":"spider","intarget":"smallBlur","outtarget":"swap","auxtargets":[{"name":"BlurSampler","id":"temp"}],"uniforms":[{"name":"InScale","values":[2.35,2.35]},{"name":"InOffset","values":[-0.385,-1.29]},{"name":"InRotation","values":[0.0]},{"name":"Vignette","values":[0.31,0.1,0.69,0.9]}]},{"name":"spider","intarget":"smallBlur","outtarget":"temp","auxtargets":[{"name":"BlurSampler","id":"swap"}],"uniforms":[{"name":"InScale","values":[2.35,2.35]},{"name":"InOffset","values":[-0.965,-1.29]},{"name":"Vignette","values":[0.31,0.1,0.69,0.9]}]},{"name":"blit","intarget":"temp","outtarget":"minecraft:main","uniforms":[{"name":"ColorModulate","values":[1.0,0.8,0.8,1.0]}]}]},"transparency":{"targets":["water","translucent","itemEntity","particles","clouds","weather","final"],"passes":[{"name":"transparency","intarget":"minecraft:main","outtarget":"final","auxtargets":[{"name":"DiffuseDepthSampler","id":"minecraft:main:depth"},{"name":"TranslucentSampler","id":"translucent"},{"name":"TranslucentDepthSampler","id":"translucent:depth"},{"name":"ItemEntitySampler","id":"itemEntity"},{"name":"ItemEntityDepthSampler","id":"itemEntity:depth"},{"name":"ParticlesSampler","id":"particles"},{"name":"ParticlesDepthSampler","id":"particles:depth"},{"name":"CloudsSampler","id":"clouds"},{"name":"CloudsDepthSampler","id":"clouds:depth"},{"name":"WeatherSampler","id":"weather"},{"name":"WeatherDepthSampler","id":"weather:depth"}]},{"name":"blit","intarget":"final","outtarget":"minecraft:main"}]},"wobble":{"targets":["swap"],"passes":[{"name":"wobble","intarget":"minecraft:main","outtarget":"swap"},{"name":"blit","intarget":"swap","outtarget":"minecraft:main"}]}}