{"antialias":{"blend":{"func":"add","srcrgb":"one","dstrgb":"zero"},"vertex":"blobs","fragment":"antialias","attributes":["Position"],"samplers":[{"name":"DiffuseSampler"}],"uniforms":[{"name":"ProjMat","type":"matrix4x4","count":16,"values":[1.0,0.0,0.0,0.0,0.0,1.0,0.0,0.0,0.0,0.0,1.0,0.0,0.0,0.0,0.0,1.0]},{"name":"InSize","type":"float","count":2,"values":[1.0,1.0]},{"name":"OutSize","type":"float","count":2,"values":[1.0,1.0]}]},"bits":{"blend":{"func":"add","srcrgb":"srcalpha","dstrgb":"1-srcalpha"},"vertex":"sobel","fragment":"bits","attributes":["Position"],"samplers":[{"name":"DiffuseSampler"}],"uniforms":[{"name":"ProjMat","type":"matrix4x4","count":16,"values":[1.0,0.0,0.0,0.0,0.0,1.0,0.0,0.0,0.0,0.0,1.0,0.0,0.0,0.0,0.0,1.0]},{"name":"InSize","type":"float","count":2,"values":[1.0,1.0]},{"name":"OutSize","type":"float","count":2,"values":[1.0,1.0]},{"name":"Resolution","type":"float","count":1,"values":[4.0]},{"name":"Saturation","type":"float","count":1,"values":[1.5]},{"name":"MosaicSize","type":"float","count":1,"values":[8.0]}]},"blit":{"blend":{"func":"add","srcrgb":"srcalpha","dstrgb":"1-srcalpha"},"vertex":"blit","fragment":"blit","attributes":["Position"],"samplers":[{"name":"DiffuseSampler"}],"uniforms":[{"name":"ProjMat","type":"matrix4x4","count":16,"values":[1.0,0.0,0.0,0.0,0.0,1.0,0.0,0.0,0.0,0.0,1.0,0.0,0.0,0.0,0.0,1.0]},{"name":"OutSize","type":"float","count":2,"values":[1.0,1.0]},{"name":"ColorModulate","type":"float","count":4,"values":[1.0,1.0,1.0,1.0]}]},"blobs":{"blend":{"func":"add","srcrgb":"one","dstrgb":"zero"},"vertex":"blobs","fragment":"blobs","attributes":["Position"],"samplers":[{"name":"DiffuseSampler"}],"uniforms":[{"name":"ProjMat","type":"matrix4x4","count":16,"values":[1.0,0.0,0.0,0.0,0.0,1.0,0.0,0.0,0.0,0.0,1.0,0.0,0.0,0.0,0.0,1.0]},{"name":"InSize","type":"float","count":2,"values":[1.0,1.0]},{"name":"OutSize","type":"float","count":2,"values":[1.0,1.0]}]},"blobs2":{"blend":{"func":"add","srcrgb":"one","dstrgb":"zero"},"vertex":"blobs","fragment":"blobs2","attributes":["Position"],"samplers":[{"name":"DiffuseSampler"}],"uniforms":[{"name":"ProjMat","type":"matrix4x4","count":16,"values":[1.0,0.0,0.0,0.0,0.0,1.0,0.0,0.0,0.0,0.0,1.0,0.0,0.0,0.0,0.0,1.0]},{"name":"InSize","type":"float","count":2,"values":[1.0,1.0]},{"name":"Radius","type":"float","count":1,"values":[7.0]}]},"blur":{"blend":{"func":"add","srcrgb":"one","dstrgb":"zero"},"vertex":"sobel","fragment":"blur","attributes":["Position"],"samplers":[{"name":"DiffuseSampler"}],"uniforms":[{"name":"ProjMat","type":"matrix4x4","count":16,"values":[1.0,0.0,0.0,0.0,0.0,1.0,0.0,0.0,0.0,0.0,1.0,0.0,0.0,0.0,0.0,1.0]},{"name":"InSize","type":"float","count":2,"values":[1.0,1.0]},{"name":"OutSize","type":"float","count":2,"values":[1.0,1.0]},{"name":"BlurDir","type":"float","count":2,"values":[1.0,1.0]},{"name":"Radius","type":"float","count":1,"values":[5.0]}]},"bumpy":{"blend":{"func":"add","srcrgb":"one","dstrgb":"zero"},"vertex":"bumpy","fragment":"bumpy","attributes":["Position"],"samplers":[{"name":"DiffuseSampler"}],"uniforms":[{"name":"ProjMat","type":"matrix4x4","count":16,"values":[1.0,0.0,0.0,0.0,0.0,1.0,0.0,0.0,0.0,0.0,1.0,0.0,0.0,0.0,0.0,1.0]},{"name":"InSize","type":"float","count":2,"values":[1.0,1.0]},{"name":"OutSize","type":"float","count":2,"values":[1.0,1.0]}]},"color_convolve":{"blend":{"func":"add","srcrgb":"one","dstrgb":"zero"},"vertex":"sobel","fragment":"color_convolve","attributes":["Position"],"samplers":[{"name":"DiffuseSampler"}],"uniforms":[{"name":"ProjMat","type":"matrix4x4","count":16,"values":[1.0,0.0,0.0,0.0,0.0,1.0,0.0,0.0,0.0,0.0,1.0,0.0,0.0,0.0,0.0,1.0]},{"name":"InSize","type":"float","count":2,"values":[1.0,1.0]},{"name":"OutSize","type":"float","count":2,"values":[1.0,1.0]},{"name":"Gray","type":"float","count":3,"values":[0.3,0.59,0.11]},{"name":"RedMatrix","type":"float","count":3,"values":[1.0,0.0,0.0]},{"name":"GreenMatrix","type":"float","count":3,"values":[0.0,1.0,0.0]},{"name":"BlueMatrix","type":"float","count":3,"values":[0.0,0.0,1.0]},{"name":"Offset","type":"float","count":3,"values":[0.0,0.0,0.0]},{"name":"ColorScale","type":"float","count":3,"values":[1.0,1.0,1.0]},{"name":"Saturation","type":"float","count":1,"values":[1.8]}]},"deconverge":{"blend":{"func":"add","srcrgb":"one","dstrgb":"zero"},"vertex":"sobel","fragment":"deconverge","attributes":["Position"],"samplers":[{"name":"DiffuseSampler"}],"uniforms":[{"name":"ProjMat","type":"matrix4x4","count":16,"values":[1.0,0.0,0.0,0.0,0.0,1.0,0.0,0.0,0.0,0.0,1.0,0.0,0.0,0.0,0.0,1.0]},{"name":"InSize","type":"float","count":2,"values":[1.0,1.0]},{"name":"OutSize","type":"float","count":2,"values":[1.0,1.0]},{"name":"ConvergeX","type":"float","count":3,"values":[-4.0,0.0,2.0]},{"name":"ConvergeY","type":"float","count":3,"values":[0.0,-4.0,2.0]},{"name":"RadialConvergeX","type":"float","count":3,"values":[1.0,1.0,1.0]},{"name":"RadialConvergeY","type":"float","count":3,"values":[1.0,1.0,1.0]}]},"downscale":{"blend":{"func":"add","srcrgb":"one","dstrgb":"zero"},"vertex":"downscale","fragment":"downscale","attributes":["Position"],"samplers":[{"name":"DiffuseSampler"}],"uniforms":[{"name":"ProjMat","type":"matrix4x4","count":16,"values":[1.0,0.0,0.0,0.0,0.0,1.0,0.0,0.0,0.0,0.0,1.0,0.0,0.0,0.0,0.0,1.0]},{"name":"InSize","type":"float","count":2,"values":[1.0,1.0]},{"name":"OutSize","type":"float","count":2,"values":[1.0,1.0]}]},"entity_outline":{"blend":{"func":"add","srcrgb":"srcalpha","dstrgb":"1-srcalpha"},"vertex":"sobel","fragment":"entity_sobel","attributes":["Position"],"samplers":[{"name":"DiffuseSampler"}],"uniforms":[{"name":"ProjMat","type":"matrix4x4","count":16,"values":[1.0,0.0,0.0,0.0,0.0,1.0,0.0,0.0,0.0,0.0,1.0,0.0,0.0,0.0,0.0,1.0]},{"name":"InSize","type":"float","count":2,"values":[1.0,1.0]},{"name":"OutSize","type":"float","count":2,"values":[1.0,1.0]}]},"flip":{"blend":{"func":"add","srcrgb":"one","dstrgb":"zero"},"vertex":"flip","fragment":"blit","attributes":["Position"],"samplers":[{"name":"DiffuseSampler"}],"uniforms":[{"name":"ProjMat","type":"matrix4x4","count":16,"values":[1.0,0.0,0.0,0.0,0.0,1.0,0.0,0.0,0.0,0.0,1.0,0.0,0.0,0.0,0.0,1.0]},{"name":"InSize","type":"float","count":2,"values":[1.0,1.0]},{"name":"OutSize","type":"float","count":2,"values":[1.0,1.0]},{"name":"ScreenSize","type":"float","count":2,"values":[1.0,1.0]},{"name":"ColorModulate","type":"float","count":4,"values":[1.0,1.0,1.0,1.0]}]},"fxaa":{"blend":{"func":"add","srcrgb":"one","dstrgb":"zero"},"vertex":"fxaa","fragment":"fxaa","attributes":["Position"],"samplers":[{"name":"DiffuseSampler"}],"uniforms":[{"name":"ProjMat","type":"matrix4x4","count":16,"values":[1.0,0.0,0.0,0.0,0.0,1.0,0.0,0.0,0.0,0.0,1.0,0.0,0.0,0.0,0.0,1.0]},{"name":"OutSize","type":"float","count":2,"values":[1.0,1.0]},{"name":"SpanMax","type":"float","count":1,"values":[8.0]},{"name":"SubPixelShift","type":"float","count":1,"values":[0.25]},{"name":"ReduceMul","type":"float","count":1,"values":[0.125]}]},"invert":{"blend":{"func":"add","srcrgb":"one","dstrgb":"zero"},"vertex":"blit","fragment":"invert","attributes":["Position"],"samplers":[{"name":"DiffuseSampler"}],"uniforms":[{"name":"ProjMat","type":"matrix4x4","count":16,"values":[1.0,0.0,0.0,0.0,0.0,1.0,0.0,0.0,0.0,0.0,1.0,0.0,0.0,0.0,0.0,1.0]},{"name":"InSize","type":"float","count":2,"values":[1.0,1.0]},{"name":"OutSize","type":"float","count":2,"values":[1.0,1.0]},{"name":"InverseAmount","type":"float","count":1,"values":[0.0]}]},"notch":{"blend":{"func":"add","srcrgb":"one","dstrgb":"zero"},"vertex":"sobel","fragment":"notch","attributes":["Position"],"samplers":[{"name":"DiffuseSampler"},{"name":"DitherSampler"}],"uniforms":[{"name":"ProjMat","type":"matrix4x4","count":16,"values":[1.0,0.0,0.0,0.0,0.0,1.0,0.0,0.0,0.0,0.0,1.0,0.0,0.0,0.0,0.0,1.0]},{"name":"InSize","type":"float","count":2,"values":[1.0,1.0]},{"name":"OutSize","type":"float","count":2,"values":[1.0,1.0]}]},"ntsc_decode":{"blend":{"func":"add","srcrgb":"one","dstrgb":"zero"},"vertex":"sobel","fragment":"ntsc_decode","attributes":["Position"],"samplers":[{"name":"DiffuseSampler"},{"name":"BaseSampler"}],"uniforms":[{"name":"ProjMat","type":"matrix4x4","count":16,"values":[1.0,0.0,0.0,0.0,0.0,1.0,0.0,0.0,0.0,0.0,1.0,0.0,0.0,0.0,0.0,1.0]},{"name":"InSize","type":"float","count":2,"values":[1.0,1.0]},{"name":"OutSize","type":"float","count":2,"values":[1.0,1.0]}]},"ntsc_encode":{"blend":{"func":"add","srcrgb":"one","dstrgb":"zero"},"vertex":"sobel","fragment":"ntsc_encode","attributes":["Position"],"samplers":[{"name":"DiffuseSampler"}],"uniforms":[{"name":"ProjMat","type":"matrix4x4","count":16,"values":[1.0,0.0,0.0,0.0,0.0,1.0,0.0,0.0,0.0,0.0,1.0,0.0,0.0,0.0,0.0,1.0]},{"name":"InSize","type":"float","count":2,"values":[1.0,1.0]},{"name":"OutSize","type":"float","count":2,"values":[1.0,1.0]}]},"outline":{"blend":{"func":"add","srcrgb":"one","dstrgb":"zero"},"vertex":"sobel","fragment":"outline","attributes":["Position"],"samplers":[{"name":"DiffuseSampler"}],"uniforms":[{"name":"ProjMat","type":"matrix4x4","count":16,"values":[1.0,0.0,0.0,0.0,0.0,1.0,0.0,0.0,0.0,0.0,1.0,0.0,0.0,0.0,0.0,1.0]},{"name":"InSize","type":"float","count":2,"values":[1.0,1.0]},{"name":"OutSize","type":"float","count":2,"values":[1.0,1.0]}]},"outline_combine":{"blend":{"func":"add","srcrgb":"one","dstrgb":"zero"},"vertex":"sobel","fragment":"outline_combine","attributes":["Position"],"samplers":[{"name":"DiffuseSampler"},{"name":"OutlineSampler"}],"uniforms":[{"name":"ProjMat","type":"matrix4x4","count":16,"values":[1.0,0.0,0.0,0.0,0.0,1.0,0.0,0.0,0.0,0.0,1.0,0.0,0.0,0.0,0.0,1.0]},{"name":"InSize","type":"float","count":2,"values":[1.0,1.0]},{"name":"OutSize","type":"float","count":2,"values":[1.0,1.0]}]},"outline_soft":{"blend":{"func":"add","srcrgb":"one","dstrgb":"zero"},"vertex":"sobel","fragment":"outline_soft","attributes":["Position"],"samplers":[{"name":"DiffuseSampler"}],"uniforms":[{"name":"ProjMat","type":"matrix4x4","count":16,"values":[1.0,0.0,0.0,0.0,0.0,1.0,0.0,0.0,0.0,0.0,1.0,0.0,0.0,0.0,0.0,1.0]},{"name":"InSize","type":"float","count":2,"values":[1.0,1.0]},{"name":"OutSize","type":"float","count":2,"values":[1.0,1.0]},{"name":"LumaRamp","type":"float","count":1,"values":[16.0]},{"name":"LumaLevel","type":"float","count":1,"values":[4.0]}]},"outline_watercolor":{"blend":{"func":"add","srcrgb":"one","dstrgb":"zero"},"vertex":"sobel","fragment":"outline_watercolor","attributes":["Position"],"samplers":[{"name":"DiffuseSampler"}],"uniforms":[{"name":"ProjMat","type":"matrix4x4","count":16,"values":[1.0,0.0,0.0,0.0,0.0,1.0,0.0,0.0,0.0,0.0,1.0,0.0,0.0,0.0,0.0,1.0]},{"name":"InSize","type":"float","count":2,"values":[1.0,1.0]},{"name":"OutSize","type":"float","count":2,"values":[1.0,1.0]},{"name":"LumaRamp","type":"float","count":1,"values":[16.0]}]},"overlay":{"blend":{"func":"add","srcrgb":"one","dstrgb":"zero"},"vertex":"blit","fragment":"overlay","attributes":["Position"],"samplers":[{"name":"OverlaySampler"},{"name":"DiffuseSampler"}],"uniforms":[{"name":"ProjMat","type":"matrix4x4","count":16,"values":[1.0,0.0,0.0,0.0,0.0,1.0,0.0,0.0,0.0,0.0,1.0,0.0,0.0,0.0,0.0,1.0]},{"name":"InSize","type":"float","count":2,"values":[1.0,1.0]},{"name":"OutSize","type":"float","count":2,"values":[1.0,1.0]},{"name":"MosaicSize","type":"float","count":1,"values":[1.0]},{"name":"RedMatrix","type":"float","count":3,"values":[1.0,0.0,0.0]},{"name":"GreenMatrix","type":"float","count":3,"values":[0.0,1.0,1.0]},{"name":"BlueMatrix","type":"float","count":3,"values":[0.0,0.0,1.0]}]},"phosphor":{"blend":{"func":"add","srcrgb":"one","dstrgb":"zero"},"vertex":"sobel","fragment":"phosphor","attributes":["Position"],"samplers":[{"name":"DiffuseSampler"},{"name":"PrevSampler"}],"uniforms":[{"name":"ProjMat","type":"matrix4x4","count":16,"values":[1.0,0.0,0.0,0.0,0.0,1.0,0.0,0.0,0.0,0.0,1.0,0.0,0.0,0.0,0.0,1.0]},{"name":"InSize","type":"float","count":2,"values":[1.0,1.0]},{"name":"OutSize","type":"float","count":2,"values":[1.0,1.0]},{"name":"Phosphor","type":"float","count":3,"values":[0.3,0.3,0.3]}]},"scan_pincushion":{"blend":{"func":"add","srcrgb":"one","dstrgb":"zero"},"vertex":"sobel","fragment":"scan_pincushion","attributes":["Position"],"samplers":[{"name":"DiffuseSampler"}],"uniforms":[{"name":"ProjMat","type":"matrix4x4","count":16,"values":[1.0,0.0,0.0,0.0,0.0,1.0,0.0,0.0,0.0,0.0,1.0,0.0,0.0,0.0,0.0,1.0]},{"name":"InSize","type":"float","count":2,"values":[1.0,1.0]},{"name":"OutSize","type":"float","count":2,"values":[1.0,1.0]}]},"sobel":{"blend":{"func":"add","srcrgb":"one","dstrgb":"zero"},"vertex":"sobel","fragment":"sobel","attributes":["Position"],"samplers":[{"name":"DiffuseSampler"}],"uniforms":[{"name":"ProjMat","type":"matrix4x4","count":16,"values":[1.0,0.0,0.0,0.0,0.0,1.0,0.0,0.0,0.0,0.0,1.0,0.0,0.0,0.0,0.0,1.0]},{"name":"InSize","type":"float","count":2,"values":[1.0,1.0]},{"name":"OutSize","type":"float","count":2,"values":[1.0,1.0]}]},"spider":{"blend":{"func":"add","srcrgb":"one","dstrgb":"zero"},"vertex":"rotscale","fragment":"spiderclip","attributes":["Position"],"samplers":[{"name":"DiffuseSampler"},{"name":"BlurSampler"}],"uniforms":[{"name":"ProjMat","type":"matrix4x4","count":16,"values":[1.0,0.0,0.0,0.0,0.0,1.0,0.0,0.0,0.0,0.0,1.0,0.0,0.0,0.0,0.0,1.0]},{"name":"InSize","type":"float","count":2,"values":[1.0,1.0]},{"name":"InScale","type":"float","count":2,"values":[1.0,1.0]},{"name":"InOffset","type":"float","count":2,"values":[0.0,0.0]},{"name":"InRotation","type":"float","count":1,"values":[0.0]},{"name":"Time","type":"float","count":1,"values":[0.0]},{"name":"Scissor","type":"float","count":4,"values":[0.0,0.0,1.0,1.0]},{"name":"Vignette","type":"float","count":4,"values":[0.0,0.0,1.0,1.0]},{"name":"OutSize","type":"float","count":2,"values":[1.0,1.0]}]},"transparency":{"blend":{"func":"add","srcrgb":"one","dstrgb":"zero"},"vertex":"screenquad","fragment":"transparency","attributes":["Position"],"samplers":[{"name":"DiffuseSampler"},{"name":"DiffuseDepthSampler"},{"name":"TranslucentSampler"},{"name":"TranslucentDepthSampler"},{"name":"ItemEntitySampler"},{"name":"ItemEntityDepthSampler"},{"name":"ParticlesSampler"},{"name":"ParticlesDepthSampler"},{"name":"CloudsSampler"},{"name":"CloudsDepthSampler"},{"name":"WeatherSampler"},{"name":"WeatherDepthSampler"}],"uniforms":[{"name":"ProjMat","type":"matrix4x4","count":16,"values":[1.0,0.0,0.0,0.0,0.0,1.0,0.0,0.0,0.0,0.0,1.0,0.0,0.0,0.0,0.0,1.0]},{"name":"OutSize","type":"float","count":2,"values":[1.0,1.0]}]},"wobble":{"blend":{"func":"add","srcrgb":"one","dstrgb":"zero"},"vertex":"sobel","fragment":"wobble","attributes":["Position"],"samplers":[{"name":"DiffuseSampler"}],"uniforms":[{"name":"ProjMat","type":"matrix4x4","count":16,"values":[1.0,0.0,0.0,0.0,0.0,1.0,0.0,0.0,0.0,0.0,1.0,0.0,0.0,0.0,0.0,1.0]},{"name":"InSize","type":"float","count":2,"values":[1.0,1.0]},{"name":"OutSize","type":"float","count":2,"values":[1.0,1.0]},{"name":"Time","type":"float","count":1,"values":[0.0]},{"name":"Frequency","type":"float","count":2,"values":[512.0,288.0]},{"name":"WobbleAmount","type":"float","count":2,"values":[0.002,0.002]}]}}