{
  "parent": "item/generated",
  "textures": {
    "layer0": "betternether:item/black_apple"
  },

  "overrides": [

    {
      "predicate": {
        "eating": 1,
        "eat": 0.35
      },
      "model": "betternether:item/black_apple_eating_0"
    },
    {
      "predicate": {
        "eating": 1,
        "eat": 0.70
      },
      "model": "betternether:item/black_apple_eating_1"
    },

    {
      "predicate": {

        "eating": 1,
        "eat": 0.90
      },
      "model": "betternether:item/black_apple_eating_2"
    }
  ]
}