{
	"credit": "Made with block/birch/birch_trapdoorbench",
	"texture_size": [32, 32],
	"ambientocclusion": false,
	"textures": {
		"1": "block/birch/birch_doors/birch_trapdoor",
		"particle": "block/birch_trapdoor"
	},
	"elements": [
		{
			"from": [0, 0, 0],
			"to": [16, 3, 16],
			"faces": {
				"north": {"uv": [0, 9, 8, 10.5], "texture": "#1", "cullface": "north"},
				"east": {"uv": [0, 9, 8, 10.5], "texture": "#1", "cullface": "east"},
				"south": {"uv": [0, 9, 8, 10.5], "texture": "#1", "cullface": "south"},
				"west": {"uv": [0, 9, 8, 10.5], "texture": "#1", "cullface": "west"},
				"up": {"uv": [8, 0, 16, 8], "texture": "#1"},
				"down": {"uv": [8, 0, 16, 8], "texture": "#1", "cullface": "down"}
			}
		},
		{
			"from": [3.55025, 1.07839, 3],
			"to": [10.80025, 2.07839, 13],
			"rotation": {"angle": 0, "axis": "z", "origin": [5.49995, 1.49999, 8], "rescale": true},
			"faces": {
				"up": {"uv": [1.5, 1.5, 6.5, 6.5], "texture": "#1"},
				"down": {"uv": [1.5, 1.5, 6.5, 6.5], "texture": "#1", "cullface": "down"}
			}
		},
		{
			"from": [13.05, 0, 2.95],
			"to": [2.95, 3, 13.05],
			"faces": {
				"north": {"uv": [1.5, 9, 6.5, 10.5], "texture": "#1"},
				"east": {"uv": [1.5, 9, 6.5, 10.5], "texture": "#1"},
				"south": {"uv": [1.5, 9, 6.5, 10.5], "texture": "#1"},
				"west": {"uv": [1.5, 9, 6.5, 10.5], "texture": "#1"}
			}
		}
	]
}