{
	"credit": "Made with Blockbench",
	"texture_size": [64, 32],
	"ambientocclusion": false,
	"textures": {
		"2": "block/birch/birch_doors/birch_door",
		"particle": "block/birch_door_top"
	},
	"elements": [
		{
			"from": [0, 0, 0],
			"to": [3, 16, 3],
			"faces": {
				"north": {"uv": [15.25, 8, 16, 16], "texture": "#2", "cullface": "north"},
				"east": {"uv": [14.5, 8, 15.25, 16], "texture": "#2"},
				"south": {"uv": [0, 9, 4, 10.5], "rotation": 90, "texture": "#2"},
				"west": {"uv": [6.5, 8, 7.25, 16], "texture": "#2", "cullface": "west"}
			}
		},
		{
			"name": "whitebit",
			"from": [1, 12, 3],
			"to": [2, 16, 13],
			"shade": true,
			"faces": {
				"east": {"uv": [12, 8, 14.5, 10], "texture": "#2"},
				"west": {"uv": [7.25, 8, 9.75, 10], "texture": "#2", "cullface": "west"}
			}
		},
		{
			"from": [0, 0, 0],
			"to": [3, 12, 16],
			"faces": {
				"east": {"uv": [11.25, 10, 15.25, 16], "texture": "#2"},
				"west": {"uv": [6.5, 10, 10.5, 16], "texture": "#2", "cullface": "west"},
				"up": {"uv": [0, 9, 4, 10.5], "rotation": 270, "texture": "#2"},
				"down": {"uv": [0, 9, 4, 10.5], "rotation": 90, "texture": "#2", "cullface": "down"}
			}
		},
		{
			"from": [0, 0, 13],
			"to": [3, 16, 16],
			"faces": {
				"north": {"uv": [0, 9, 4, 10.5], "rotation": 90, "texture": "#2"},
				"east": {"uv": [11.25, 8, 12, 16], "texture": "#2"},
				"south": {"uv": [11.25, 8, 10.5, 16], "texture": "#2", "cullface": "south"},
				"west": {"uv": [9.75, 8, 10.5, 16], "texture": "#2", "cullface": "west"}
			}
		}
	]
}