{
	"credit": "Made with Blockbench",
	"texture_size": [64, 32],
	"textures": {
		"2": "block/bamboo/bamboo_doors/bamboo_door",
		"particle": "block/bamboo_door_top"
	},
	"elements": [
		{
			"from": [0, 0, 0],
			"to": [3, 16, 4],
			"faces": {
				"north": {"uv": [15.25, 0, 16, 8], "texture": "#2", "cullface": "north"},
				"east": {"uv": [14.25, 0, 15.25, 8], "texture": "#2"},
				"south": {"uv": [0, 9, 4, 10.5], "rotation": 90, "texture": "#2"},
				"west": {"uv": [6.5, 0, 7.5, 8], "texture": "#2", "cullface": "west"}
			}
		},
		{
			"from": [0, 12, 0],
			"to": [3, 16, 16],
			"faces": {
				"east": {"uv": [11.25, 0, 15.25, 2], "texture": "#2"},
				"west": {"uv": [6.5, 0, 10.5, 2], "texture": "#2", "cullface": "west"},
				"up": {"uv": [0, 9, 4, 10.5], "rotation": 270, "texture": "#2", "cullface": "up"},
				"down": {"uv": [0, 9, 4, 10.5], "rotation": 90, "texture": "#2"}
			}
		},
		{
			"from": [0, 0, 4],
			"to": [3, 1, 12],
			"faces": {
				"east": {"uv": [12.25, 7.5, 14.25, 8], "texture": "#2"},
				"west": {"uv": [7.5, 7.5, 9.5, 8], "texture": "#2", "cullface": "west"},
				"up": {"uv": [0, 9, 4, 10.5], "rotation": 270, "texture": "#2"}
			}
		},
		{
			"from": [0, 0, 12],
			"to": [3, 16, 16],
			"faces": {
				"north": {"uv": [0, 9, 4, 10.5], "rotation": 90, "texture": "#2"},
				"east": {"uv": [11.25, 0, 12.25, 8], "texture": "#2"},
				"south": {"uv": [11.25, 0, 10.5, 8], "texture": "#2", "cullface": "south"},
				"west": {"uv": [9.5, 0, 10.5, 8], "texture": "#2", "cullface": "west"}
			}
		},
		{
			"from": [0, 1, 4],
			"to": [3, 12, 12],
			"faces": {
				"east": {"uv": [12.25, 2, 14.25, 7.5], "texture": "#2"},
				"west": {"uv": [7.5, 2, 9.5, 7.5], "texture": "#2", "cullface": "west"}
			}
		}
	]
}