{
	"credit": "Made with Blockbench",
	"texture_size": [64, 32],
	"textures": {
		"2": "block/bamboo/bamboo_doors/bamboo_door",
		"particle": "block/bamboo_door_top"
	},
	"elements": [
		{
			"from": [0, 0, 0],
			"to": [3, 16, 16],
			"faces": {
				"north": {"uv": [10.5, 8, 11.25, 16], "texture": "#2", "cullface": "north"},
				"east": {"uv": [6.5, 8, 10.5, 16], "texture": "#2"},
				"south": {"uv": [15.25, 8, 16, 16], "texture": "#2", "cullface": "south"},
				"west": {"uv": [11.25, 8, 15.25, 16], "texture": "#2", "cullface": "west"},
				"down": {"uv": [0, 10.5, 4, 12], "rotation": 270, "texture": "#2"}
			}
		}
	]
}