{
	"credit": "Made with block/bamboo/bamboo_trapdoorbench",
	"texture_size": [32, 32],
	"textures": {
		"1": "block/bamboo/bamboo_doors/bamboo_trapdoor",
		"particle": "block/bamboo_trapdoor"
	},
	"elements": [
		{
			"from": [0, 0, 13],
			"to": [16, 16, 16],
			"rotation": {"angle": 0, "axis": "y", "origin": [0, 13, 0]},
			"faces": {
				"north": {"uv": [0, 0, 8, 8], "texture": "#1"},
				"east": {"uv": [0, 10.5, 8, 12], "rotation": 270, "texture": "#1", "cullface": "east"},
				"south": {"uv": [0, 0, 8, 8], "texture": "#1", "cullface": "south"},
				"west": {"uv": [0, 10.5, 8, 12], "rotation": 270, "texture": "#1", "cullface": "west"},
				"up": {"uv": [0, 10.5, 8, 12], "texture": "#1", "cullface": "up"},
				"down": {"uv": [0, 10.5, 8, 9], "rotation": 180, "texture": "#1", "cullface": "down"}
			}
		},
		{
			"from": [13.05, 2.95, 13],
			"to": [2.95, 13.05, 16],
			"rotation": {"angle": 0, "axis": "x", "origin": [0, 13, 13]},
			"faces": {
				"east": {"uv": [1.5, 10.5, 6.5, 12], "rotation": 270, "texture": "#1"},
				"west": {"uv": [1.5, 10.5, 6.5, 12], "rotation": 90, "texture": "#1"},
				"up": {"uv": [1.5, 10.5, 6.5, 12], "rotation": 180, "texture": "#1"},
				"down": {"uv": [1.5, 10.5, 6.5, 12], "texture": "#1"}
			}
		}
	]
}