{
	"credit": "Made with block/bamboo/bamboo_trapdoorbench",
	"texture_size": [32, 32],
	"textures": {
		"1": "block/bamboo/bamboo_doors/bamboo_trapdoor",
		"particle": "block/bamboo_trapdoor"
	},
	"elements": [
		{
			"from": [0, 0, 0],
			"to": [16, 3, 16],
			"faces": {
				"north": {"uv": [0, 9, 8, 10.5], "texture": "#1", "cullface": "north"},
				"east": {"uv": [0, 9, 8, 10.5], "texture": "#1", "cullface": "east"},
				"south": {"uv": [0, 9, 8, 10.5], "texture": "#1", "cullface": "south"},
				"west": {"uv": [0, 9, 8, 10.5], "texture": "#1", "cullface": "west"},
				"up": {"uv": [0, 0, 8, 8], "texture": "#1"},
				"down": {"uv": [0, 0, 8, 8], "texture": "#1", "cullface": "down"}
			}
		},
		{
			"from": [13.05, 0, 2.95],
			"to": [2.95, 3, 13.05],
			"faces": {
				"north": {"uv": [1.5, 9, 6.5, 10.5], "texture": "#1"},
				"east": {"uv": [1.5, 9, 6.5, 10.5], "texture": "#1"},
				"south": {"uv": [1.5, 9, 6.5, 10.5], "texture": "#1"},
				"west": {"uv": [1.5, 9, 6.5, 10.5], "texture": "#1"}
			}
		}
	]
}